
Firmware.elf:     file format elf32-avr

Sections:
Idx Name          Size      VMA       LMA       File off  Algn
  0 .data         00000810  00800100  00001482  00001516  2**0
                  CONTENTS, ALLOC, LOAD, DATA
  1 .text         00001482  00000000  00000000  00000094  2**1
                  CONTENTS, ALLOC, LOAD, READONLY, CODE
  2 .bss          00000016  00800910  00800910  00001d26  2**0
                  ALLOC
  3 .comment      00000030  00000000  00000000  00001d26  2**0
                  CONTENTS, READONLY
  4 .note.gnu.avr.deviceinfo 00000040  00000000  00000000  00001d58  2**2
                  CONTENTS, READONLY
  5 .debug_aranges 00000368  00000000  00000000  00001d98  2**0
                  CONTENTS, READONLY, DEBUGGING
  6 .debug_info   00005feb  00000000  00000000  00002100  2**0
                  CONTENTS, READONLY, DEBUGGING
  7 .debug_abbrev 00001d26  00000000  00000000  000080eb  2**0
                  CONTENTS, READONLY, DEBUGGING
  8 .debug_line   00003d54  00000000  00000000  00009e11  2**0
                  CONTENTS, READONLY, DEBUGGING
  9 .debug_frame  00000944  00000000  00000000  0000db68  2**2
                  CONTENTS, READONLY, DEBUGGING
 10 .debug_str    0000249a  00000000  00000000  0000e4ac  2**0
                  CONTENTS, READONLY, DEBUGGING
 11 .debug_loc    00003334  00000000  00000000  00010946  2**0
                  CONTENTS, READONLY, DEBUGGING
 12 .debug_ranges 00000578  00000000  00000000  00013c7a  2**0
                  CONTENTS, READONLY, DEBUGGING

Disassembly of section .text:

00000000 <__vectors>:
       0:	0c 94 d4 00 	jmp	0x1a8	; 0x1a8 <__ctors_end>
       4:	0c 94 f1 00 	jmp	0x1e2	; 0x1e2 <__bad_interrupt>
       8:	0c 94 f1 00 	jmp	0x1e2	; 0x1e2 <__bad_interrupt>
       c:	0c 94 f1 00 	jmp	0x1e2	; 0x1e2 <__bad_interrupt>
      10:	0c 94 f1 00 	jmp	0x1e2	; 0x1e2 <__bad_interrupt>
      14:	0c 94 f1 00 	jmp	0x1e2	; 0x1e2 <__bad_interrupt>
      18:	0c 94 f1 00 	jmp	0x1e2	; 0x1e2 <__bad_interrupt>
      1c:	0c 94 f1 00 	jmp	0x1e2	; 0x1e2 <__bad_interrupt>
      20:	0c 94 f1 00 	jmp	0x1e2	; 0x1e2 <__bad_interrupt>
      24:	0c 94 f1 00 	jmp	0x1e2	; 0x1e2 <__bad_interrupt>
      28:	0c 94 54 05 	jmp	0xaa8	; 0xaa8 <__vector_10>
      2c:	0c 94 f1 00 	jmp	0x1e2	; 0x1e2 <__bad_interrupt>
      30:	0c 94 f1 00 	jmp	0x1e2	; 0x1e2 <__bad_interrupt>
      34:	0c 94 f1 00 	jmp	0x1e2	; 0x1e2 <__bad_interrupt>
      38:	0c 94 f1 00 	jmp	0x1e2	; 0x1e2 <__bad_interrupt>
      3c:	0c 94 f1 00 	jmp	0x1e2	; 0x1e2 <__bad_interrupt>
      40:	0c 94 f1 00 	jmp	0x1e2	; 0x1e2 <__bad_interrupt>
      44:	0c 94 f1 00 	jmp	0x1e2	; 0x1e2 <__bad_interrupt>
      48:	0c 94 f1 00 	jmp	0x1e2	; 0x1e2 <__bad_interrupt>
      4c:	0c 94 f1 00 	jmp	0x1e2	; 0x1e2 <__bad_interrupt>
      50:	0c 94 f1 00 	jmp	0x1e2	; 0x1e2 <__bad_interrupt>
      54:	0c 94 f1 00 	jmp	0x1e2	; 0x1e2 <__bad_interrupt>
      58:	0c 94 f1 00 	jmp	0x1e2	; 0x1e2 <__bad_interrupt>
      5c:	0c 94 f1 00 	jmp	0x1e2	; 0x1e2 <__bad_interrupt>
      60:	0c 94 f1 00 	jmp	0x1e2	; 0x1e2 <__bad_interrupt>
      64:	0c 94 f1 00 	jmp	0x1e2	; 0x1e2 <__bad_interrupt>
      68:	0c 94 f1 00 	jmp	0x1e2	; 0x1e2 <__bad_interrupt>
      6c:	0c 94 f1 00 	jmp	0x1e2	; 0x1e2 <__bad_interrupt>
      70:	0c 94 f1 00 	jmp	0x1e2	; 0x1e2 <__bad_interrupt>
      74:	0c 94 f1 00 	jmp	0x1e2	; 0x1e2 <__bad_interrupt>
      78:	0c 94 f1 00 	jmp	0x1e2	; 0x1e2 <__bad_interrupt>
      7c:	0c 94 f1 00 	jmp	0x1e2	; 0x1e2 <__bad_interrupt>
      80:	0c 94 f1 00 	jmp	0x1e2	; 0x1e2 <__bad_interrupt>
      84:	0c 94 f1 00 	jmp	0x1e2	; 0x1e2 <__bad_interrupt>
      88:	0c 94 f1 00 	jmp	0x1e2	; 0x1e2 <__bad_interrupt>
      8c:	0c 94 f1 00 	jmp	0x1e2	; 0x1e2 <__bad_interrupt>
      90:	0c 94 f1 00 	jmp	0x1e2	; 0x1e2 <__bad_interrupt>
      94:	0c 94 f1 00 	jmp	0x1e2	; 0x1e2 <__bad_interrupt>
      98:	0c 94 f1 00 	jmp	0x1e2	; 0x1e2 <__bad_interrupt>
      9c:	0c 94 f1 00 	jmp	0x1e2	; 0x1e2 <__bad_interrupt>
      a0:	0c 94 f1 00 	jmp	0x1e2	; 0x1e2 <__bad_interrupt>
      a4:	0c 94 f1 00 	jmp	0x1e2	; 0x1e2 <__bad_interrupt>
      a8:	0c 94 f1 00 	jmp	0x1e2	; 0x1e2 <__bad_interrupt>
      ac:	96 07       	cpc	r25, r22
      ae:	9d 07       	cpc	r25, r29
      b0:	b8 07       	cpc	r27, r24
      b2:	9d 07       	cpc	r25, r29
      b4:	b8 07       	cpc	r27, r24
      b6:	a4 07       	cpc	r26, r20
      b8:	a9 07       	cpc	r26, r25
      ba:	b8 07       	cpc	r27, r24
      bc:	af 07       	cpc	r26, r31
      be:	b4 07       	cpc	r27, r20

000000c0 <ProductString>:
      c0:	32 03 5a 00 69 00 7a 00 68 00 75 00 6f 00 20 00     2.Z.i.z.h.u.o. .
      d0:	42 00 69 00 72 00 74 00 68 00 64 00 61 00 79 00     B.i.r.t.h.d.a.y.
      e0:	20 00 4d 00 61 00 63 00 72 00 6f 00 70 00 61 00      .M.a.c.r.o.p.a.
      f0:	64 00 00 00                                         d...

000000f4 <ManufacturerString>:
      f4:	3a 03 4e 00 67 00 20 00 59 00 75 00 20 00 48 00     :.N.g. .Y.u. .H.
     104:	65 00 6e 00 67 00 20 00 61 00 6e 00 64 00 20 00     e.n.g. .a.n.d. .
     114:	48 00 6f 00 6e 00 67 00 20 00 47 00 75 00 6f 00     H.o.n.g. .G.u.o.
     124:	20 00 46 00 65 00 6e 00 67 00 00 00                  .F.e.n.g...

00000130 <LanguageString>:
     130:	04 03 09 04                                         ....

00000134 <ConfigurationDescriptor>:
     134:	09 02 22 00 01 01 00 c0 32 09 04 00 00 01 03 01     ..".....2.......
     144:	01 00 09 21 11 01 00 01 22 40 00 07 05 81 03 08     ...!...."@......
     154:	00 05                                               ..

00000156 <DeviceDescriptor>:
     156:	12 01 10 01 00 00 00 08 eb 03 42 20 01 00 01 02     ..........B ....
     166:	00 01                                               ..

00000168 <KeyboardReport>:
     168:	05 01 09 06 a1 01 05 07 19 e0 29 e7 15 00 25 01     ..........)...%.
     178:	75 01 95 08 81 02 95 01 75 08 81 01 05 08 19 01     u.......u.......
     188:	29 05 95 05 75 01 91 02 95 01 75 03 91 01 15 00     )...u.....u.....
     198:	26 ff 00 05 07 19 00 29 ff 95 06 75 08 81 00 c0     &......)...u....

000001a8 <__ctors_end>:
     1a8:	11 24       	eor	r1, r1
     1aa:	1f be       	out	0x3f, r1	; 63
     1ac:	cf ef       	ldi	r28, 0xFF	; 255
     1ae:	da e0       	ldi	r29, 0x0A	; 10
     1b0:	de bf       	out	0x3e, r29	; 62
     1b2:	cd bf       	out	0x3d, r28	; 61

000001b4 <__do_copy_data>:
     1b4:	19 e0       	ldi	r17, 0x09	; 9
     1b6:	a0 e0       	ldi	r26, 0x00	; 0
     1b8:	b1 e0       	ldi	r27, 0x01	; 1
     1ba:	e2 e8       	ldi	r30, 0x82	; 130
     1bc:	f4 e1       	ldi	r31, 0x14	; 20
     1be:	02 c0       	rjmp	.+4      	; 0x1c4 <__do_copy_data+0x10>
     1c0:	05 90       	lpm	r0, Z+
     1c2:	0d 92       	st	X+, r0
     1c4:	a0 31       	cpi	r26, 0x10	; 16
     1c6:	b1 07       	cpc	r27, r17
     1c8:	d9 f7       	brne	.-10     	; 0x1c0 <__do_copy_data+0xc>

000001ca <__do_clear_bss>:
     1ca:	29 e0       	ldi	r18, 0x09	; 9
     1cc:	a0 e1       	ldi	r26, 0x10	; 16
     1ce:	b9 e0       	ldi	r27, 0x09	; 9
     1d0:	01 c0       	rjmp	.+2      	; 0x1d4 <.do_clear_bss_start>

000001d2 <.do_clear_bss_loop>:
     1d2:	1d 92       	st	X+, r1

000001d4 <.do_clear_bss_start>:
     1d4:	a6 32       	cpi	r26, 0x26	; 38
     1d6:	b2 07       	cpc	r27, r18
     1d8:	e1 f7       	brne	.-8      	; 0x1d2 <.do_clear_bss_loop>
     1da:	0e 94 5c 01 	call	0x2b8	; 0x2b8 <main>
     1de:	0c 94 3f 0a 	jmp	0x147e	; 0x147e <_exit>

000001e2 <__bad_interrupt>:
     1e2:	0c 94 00 00 	jmp	0	; 0x0 <__vectors>

000001e6 <CALLBACK_USB_GetDescriptor>:
 */
uint16_t CALLBACK_USB_GetDescriptor(const uint16_t wValue,
                                    const uint16_t wIndex,
                                    const void** const DescriptorAddress)
{
	const uint8_t  DescriptorType   = (wValue >> 8);
     1e6:	29 2f       	mov	r18, r25
     1e8:	33 27       	eor	r19, r19
	const uint8_t  DescriptorNumber = (wValue & 0xFF);

	const void* Address = NULL;
	uint16_t    Size    = NO_DESCRIPTOR;

	switch (DescriptorType)
     1ea:	23 30       	cpi	r18, 0x03	; 3
     1ec:	31 05       	cpc	r19, r1
     1ee:	c9 f0       	breq	.+50     	; 0x222 <CALLBACK_USB_GetDescriptor+0x3c>
     1f0:	40 f4       	brcc	.+16     	; 0x202 <CALLBACK_USB_GetDescriptor+0x1c>
     1f2:	21 30       	cpi	r18, 0x01	; 1
     1f4:	31 05       	cpc	r19, r1
     1f6:	09 f4       	brne	.+2      	; 0x1fa <CALLBACK_USB_GetDescriptor+0x14>
     1f8:	38 c0       	rjmp	.+112    	; 0x26a <CALLBACK_USB_GetDescriptor+0x84>
     1fa:	22 30       	cpi	r18, 0x02	; 2
     1fc:	31 05       	cpc	r19, r1
     1fe:	61 f0       	breq	.+24     	; 0x218 <CALLBACK_USB_GetDescriptor+0x32>
     200:	06 c0       	rjmp	.+12     	; 0x20e <CALLBACK_USB_GetDescriptor+0x28>
     202:	21 32       	cpi	r18, 0x21	; 33
     204:	31 05       	cpc	r19, r1
     206:	39 f1       	breq	.+78     	; 0x256 <CALLBACK_USB_GetDescriptor+0x70>
     208:	22 32       	cpi	r18, 0x22	; 34
     20a:	31 05       	cpc	r19, r1
     20c:	49 f1       	breq	.+82     	; 0x260 <CALLBACK_USB_GetDescriptor+0x7a>
{
	const uint8_t  DescriptorType   = (wValue >> 8);
	const uint8_t  DescriptorNumber = (wValue & 0xFF);

	const void* Address = NULL;
	uint16_t    Size    = NO_DESCRIPTOR;
     20e:	80 e0       	ldi	r24, 0x00	; 0
     210:	90 e0       	ldi	r25, 0x00	; 0
                                    const void** const DescriptorAddress)
{
	const uint8_t  DescriptorType   = (wValue >> 8);
	const uint8_t  DescriptorNumber = (wValue & 0xFF);

	const void* Address = NULL;
     212:	20 e0       	ldi	r18, 0x00	; 0
     214:	30 e0       	ldi	r19, 0x00	; 0
     216:	32 c0       	rjmp	.+100    	; 0x27c <CALLBACK_USB_GetDescriptor+0x96>
			Address = &DeviceDescriptor;
			Size    = sizeof(USB_Descriptor_Device_t);
			break;
		case DTYPE_Configuration:
			Address = &ConfigurationDescriptor;
			Size    = sizeof(USB_Descriptor_Configuration_t);
     218:	82 e2       	ldi	r24, 0x22	; 34
     21a:	90 e0       	ldi	r25, 0x00	; 0
		case DTYPE_Device:
			Address = &DeviceDescriptor;
			Size    = sizeof(USB_Descriptor_Device_t);
			break;
		case DTYPE_Configuration:
			Address = &ConfigurationDescriptor;
     21c:	24 e3       	ldi	r18, 0x34	; 52
     21e:	31 e0       	ldi	r19, 0x01	; 1
			Size    = sizeof(USB_Descriptor_Configuration_t);
			break;
     220:	2d c0       	rjmp	.+90     	; 0x27c <CALLBACK_USB_GetDescriptor+0x96>
		case DTYPE_String:
			switch (DescriptorNumber)
     222:	99 27       	eor	r25, r25
     224:	81 30       	cpi	r24, 0x01	; 1
     226:	91 05       	cpc	r25, r1
     228:	51 f0       	breq	.+20     	; 0x23e <CALLBACK_USB_GetDescriptor+0x58>
     22a:	18 f0       	brcs	.+6      	; 0x232 <CALLBACK_USB_GetDescriptor+0x4c>
     22c:	02 97       	sbiw	r24, 0x02	; 2
     22e:	69 f0       	breq	.+26     	; 0x24a <CALLBACK_USB_GetDescriptor+0x64>
     230:	21 c0       	rjmp	.+66     	; 0x274 <CALLBACK_USB_GetDescriptor+0x8e>
			{
				case STRING_ID_Language:
					Address = &LanguageString;
					Size    = pgm_read_byte(&LanguageString.Header.Size);
     232:	e0 e3       	ldi	r30, 0x30	; 48
     234:	f1 e0       	ldi	r31, 0x01	; 1
     236:	84 91       	lpm	r24, Z
     238:	90 e0       	ldi	r25, 0x00	; 0
			break;
		case DTYPE_String:
			switch (DescriptorNumber)
			{
				case STRING_ID_Language:
					Address = &LanguageString;
     23a:	9f 01       	movw	r18, r30
					Size    = pgm_read_byte(&LanguageString.Header.Size);
					break;
     23c:	1f c0       	rjmp	.+62     	; 0x27c <CALLBACK_USB_GetDescriptor+0x96>
				case STRING_ID_Manufacturer:
					Address = &ManufacturerString;
					Size    = pgm_read_byte(&ManufacturerString.Header.Size);
     23e:	e4 ef       	ldi	r30, 0xF4	; 244
     240:	f0 e0       	ldi	r31, 0x00	; 0
     242:	84 91       	lpm	r24, Z
     244:	90 e0       	ldi	r25, 0x00	; 0
				case STRING_ID_Language:
					Address = &LanguageString;
					Size    = pgm_read_byte(&LanguageString.Header.Size);
					break;
				case STRING_ID_Manufacturer:
					Address = &ManufacturerString;
     246:	9f 01       	movw	r18, r30
					Size    = pgm_read_byte(&ManufacturerString.Header.Size);
					break;
     248:	19 c0       	rjmp	.+50     	; 0x27c <CALLBACK_USB_GetDescriptor+0x96>
				case STRING_ID_Product:
					Address = &ProductString;
					Size    = pgm_read_byte(&ProductString.Header.Size);
     24a:	e0 ec       	ldi	r30, 0xC0	; 192
     24c:	f0 e0       	ldi	r31, 0x00	; 0
     24e:	84 91       	lpm	r24, Z
     250:	90 e0       	ldi	r25, 0x00	; 0
				case STRING_ID_Manufacturer:
					Address = &ManufacturerString;
					Size    = pgm_read_byte(&ManufacturerString.Header.Size);
					break;
				case STRING_ID_Product:
					Address = &ProductString;
     252:	9f 01       	movw	r18, r30
					Size    = pgm_read_byte(&ProductString.Header.Size);
					break;
     254:	13 c0       	rjmp	.+38     	; 0x27c <CALLBACK_USB_GetDescriptor+0x96>
			}

			break;
		case HID_DTYPE_HID:
			Address = &ConfigurationDescriptor.HID_KeyboardHID;
			Size    = sizeof(USB_HID_Descriptor_HID_t);
     256:	89 e0       	ldi	r24, 0x09	; 9
     258:	90 e0       	ldi	r25, 0x00	; 0
					break;
			}

			break;
		case HID_DTYPE_HID:
			Address = &ConfigurationDescriptor.HID_KeyboardHID;
     25a:	26 e4       	ldi	r18, 0x46	; 70
     25c:	31 e0       	ldi	r19, 0x01	; 1
			Size    = sizeof(USB_HID_Descriptor_HID_t);
			break;
     25e:	0e c0       	rjmp	.+28     	; 0x27c <CALLBACK_USB_GetDescriptor+0x96>
		case HID_DTYPE_Report:
			Address = &KeyboardReport;
			Size    = sizeof(KeyboardReport);
     260:	80 e4       	ldi	r24, 0x40	; 64
     262:	90 e0       	ldi	r25, 0x00	; 0
		case HID_DTYPE_HID:
			Address = &ConfigurationDescriptor.HID_KeyboardHID;
			Size    = sizeof(USB_HID_Descriptor_HID_t);
			break;
		case HID_DTYPE_Report:
			Address = &KeyboardReport;
     264:	28 e6       	ldi	r18, 0x68	; 104
     266:	31 e0       	ldi	r19, 0x01	; 1
			Size    = sizeof(KeyboardReport);
			break;
     268:	09 c0       	rjmp	.+18     	; 0x27c <CALLBACK_USB_GetDescriptor+0x96>

	switch (DescriptorType)
	{
		case DTYPE_Device:
			Address = &DeviceDescriptor;
			Size    = sizeof(USB_Descriptor_Device_t);
     26a:	82 e1       	ldi	r24, 0x12	; 18
     26c:	90 e0       	ldi	r25, 0x00	; 0
	uint16_t    Size    = NO_DESCRIPTOR;

	switch (DescriptorType)
	{
		case DTYPE_Device:
			Address = &DeviceDescriptor;
     26e:	26 e5       	ldi	r18, 0x56	; 86
     270:	31 e0       	ldi	r19, 0x01	; 1
     272:	04 c0       	rjmp	.+8      	; 0x27c <CALLBACK_USB_GetDescriptor+0x96>
{
	const uint8_t  DescriptorType   = (wValue >> 8);
	const uint8_t  DescriptorNumber = (wValue & 0xFF);

	const void* Address = NULL;
	uint16_t    Size    = NO_DESCRIPTOR;
     274:	80 e0       	ldi	r24, 0x00	; 0
     276:	90 e0       	ldi	r25, 0x00	; 0
                                    const void** const DescriptorAddress)
{
	const uint8_t  DescriptorType   = (wValue >> 8);
	const uint8_t  DescriptorNumber = (wValue & 0xFF);

	const void* Address = NULL;
     278:	20 e0       	ldi	r18, 0x00	; 0
     27a:	30 e0       	ldi	r19, 0x00	; 0
			Address = &KeyboardReport;
			Size    = sizeof(KeyboardReport);
			break;
	}

	*DescriptorAddress = Address;
     27c:	fa 01       	movw	r30, r20
     27e:	31 83       	std	Z+1, r19	; 0x01
     280:	20 83       	st	Z, r18
	return Size;
}
     282:	08 95       	ret

00000284 <SetupHardware>:
/** Configures the board hardware and chip peripherals for the demo's functionality. */
void SetupHardware()
{
#if (ARCH == ARCH_AVR8)
	/* Disable watchdog if enabled by bootloader/fuses */
	MCUSR &= ~(1 << WDRF);
     284:	84 b7       	in	r24, 0x34	; 52
     286:	87 7f       	andi	r24, 0xF7	; 247
     288:	84 bf       	out	0x34, r24	; 52
		);
	}
	else
	{
        uint8_t register temp_reg;
		__asm__ __volatile__ (
     28a:	0f b6       	in	r0, 0x3f	; 63
     28c:	f8 94       	cli
     28e:	a8 95       	wdr
     290:	80 91 60 00 	lds	r24, 0x0060	; 0x800060 <__TEXT_REGION_LENGTH__+0x7f8060>
     294:	88 61       	ori	r24, 0x18	; 24
     296:	80 93 60 00 	sts	0x0060, r24	; 0x800060 <__TEXT_REGION_LENGTH__+0x7f8060>
     29a:	10 92 60 00 	sts	0x0060, r1	; 0x800060 <__TEXT_REGION_LENGTH__+0x7f8060>
     29e:	0f be       	out	0x3f, r0	; 63
from 1 to 129. Thus, one does not need to use \c clock_div_t type as argument.
*/
void clock_prescale_set(clock_div_t __x)
{
    uint8_t __tmp = _BV(CLKPCE);
    __asm__ __volatile__ (
     2a0:	90 e0       	ldi	r25, 0x00	; 0
     2a2:	80 e8       	ldi	r24, 0x80	; 128
     2a4:	0f b6       	in	r0, 0x3f	; 63
     2a6:	f8 94       	cli
     2a8:	80 93 61 00 	sts	0x0061, r24	; 0x800061 <__TEXT_REGION_LENGTH__+0x7f8061>
     2ac:	90 93 61 00 	sts	0x0061, r25	; 0x800061 <__TEXT_REGION_LENGTH__+0x7f8061>
     2b0:	0f be       	out	0x3f, r0	; 63

	/* Hardware Initialization */
	//Joystick_Init();
	//LEDs_Init();
	////Buttons_Init();
	USB_Init();
     2b2:	0e 94 35 05 	call	0xa6a	; 0xa6a <USB_Init>
     2b6:	08 95       	ret

000002b8 <main>:
/** Main program entry point. This routine contains the overall program flow, including initial
 *  setup of all components and the main program loop.
 */
int main(void)
{	
	i2c_init();
     2b8:	0e 94 f3 01 	call	0x3e6	; 0x3e6 <i2c_init>
	oled_init();
     2bc:	0e 94 21 02 	call	0x442	; 0x442 <oled_init>
	#else
		//round up by default
		__ticks_dc = (uint32_t)(ceil(fabs(__tmp)));
	#endif

	__builtin_avr_delay_cycles(__ticks_dc);
     2c0:	2f ef       	ldi	r18, 0xFF	; 255
     2c2:	81 ee       	ldi	r24, 0xE1	; 225
     2c4:	94 e0       	ldi	r25, 0x04	; 4
     2c6:	21 50       	subi	r18, 0x01	; 1
     2c8:	80 40       	sbci	r24, 0x00	; 0
     2ca:	90 40       	sbci	r25, 0x00	; 0
     2cc:	e1 f7       	brne	.-8      	; 0x2c6 <main+0xe>
     2ce:	00 c0       	rjmp	.+0      	; 0x2d0 <main+0x18>
     2d0:	00 00       	nop
		//oled_update_ram(frame_two);
		//_delay_ms(250);
	//};
	//
	
	SetupHardware();
     2d2:	0e 94 42 01 	call	0x284	; 0x284 <SetupHardware>
	DDRB = 0x00;
     2d6:	14 b8       	out	0x04, r1	; 4
	PORTB = 0xFF;
     2d8:	8f ef       	ldi	r24, 0xFF	; 255
     2da:	85 b9       	out	0x05, r24	; 5
			static inline void GlobalInterruptEnable(void)
			{
				GCC_MEMORY_BARRIER();

				#if (ARCH == ARCH_AVR8)
				sei();
     2dc:	78 94       	sei
	//LEDs_SetAllLEDs(LEDMASK_USB_NOTREADY);
	GlobalInterruptEnable();

	for (;;)
	{
		HID_Device_USBTask(&Keyboard_HID_Interface);
     2de:	80 e0       	ldi	r24, 0x00	; 0
     2e0:	99 e0       	ldi	r25, 0x09	; 9
     2e2:	0e 94 58 09 	call	0x12b0	; 0x12b0 <HID_Device_USBTask>
		USB_USBTask();
     2e6:	0e 94 e3 07 	call	0xfc6	; 0xfc6 <USB_USBTask>
		
		// toggle cat if key pressed
		i2c_reset();
     2ea:	0e 94 1b 02 	call	0x436	; 0x436 <i2c_reset>
		oled_set_addressing();
     2ee:	0e 94 6b 02 	call	0x4d6	; 0x4d6 <oled_set_addressing>
		i2c_reset();
     2f2:	0e 94 1b 02 	call	0x436	; 0x436 <i2c_reset>
		
		if (key_pressed) {
     2f6:	80 91 10 09 	lds	r24, 0x0910	; 0x800910 <__data_end>
     2fa:	88 23       	and	r24, r24
     2fc:	29 f0       	breq	.+10     	; 0x308 <main+0x50>
			oled_update_ram(frame_two);
     2fe:	80 e0       	ldi	r24, 0x00	; 0
     300:	91 e0       	ldi	r25, 0x01	; 1
     302:	0e 94 88 02 	call	0x510	; 0x510 <oled_update_ram>
     306:	eb cf       	rjmp	.-42     	; 0x2de <main+0x26>
			} else {
			oled_update_ram(frame_one);
     308:	80 e0       	ldi	r24, 0x00	; 0
     30a:	95 e0       	ldi	r25, 0x05	; 5
     30c:	0e 94 88 02 	call	0x510	; 0x510 <oled_update_ram>
     310:	e6 cf       	rjmp	.-52     	; 0x2de <main+0x26>

00000312 <EVENT_USB_Device_Connect>:
	USB_Init();
}

/** Event handler for the library USB Connection event. */
void EVENT_USB_Device_Connect(void)
{
     312:	08 95       	ret

00000314 <EVENT_USB_Device_Disconnect>:
	//LEDs_SetAllLEDs(LEDMASK_USB_ENUMERATING);
}

/** Event handler for the library USB Disconnection event. */
void EVENT_USB_Device_Disconnect(void)
{
     314:	08 95       	ret

00000316 <EVENT_USB_Device_ConfigurationChanged>:
/** Event handler for the library USB Configuration Changed event. */
void EVENT_USB_Device_ConfigurationChanged(void)
{
	bool ConfigSuccess = true;

	ConfigSuccess &= HID_Device_ConfigureEndpoints(&Keyboard_HID_Interface);
     316:	80 e0       	ldi	r24, 0x00	; 0
     318:	99 e0       	ldi	r25, 0x09	; 9
     31a:	0e 94 43 09 	call	0x1286	; 0x1286 <HID_Device_ConfigureEndpoints>
						break;
					case USB_INT_EORSTI:
						UDIEN  |= (1 << EORSTE);
						break;
					case USB_INT_SOFI:
						UDIEN  |= (1 << SOFE);
     31e:	e2 ee       	ldi	r30, 0xE2	; 226
     320:	f0 e0       	ldi	r31, 0x00	; 0
     322:	80 81       	ld	r24, Z
     324:	84 60       	ori	r24, 0x04	; 4
     326:	80 83       	st	Z, r24
     328:	08 95       	ret

0000032a <EVENT_USB_Device_ControlRequest>:
}

/** Event handler for the library USB Control Request reception event. */
void EVENT_USB_Device_ControlRequest(void)
{
	HID_Device_ProcessControlRequest(&Keyboard_HID_Interface);
     32a:	80 e0       	ldi	r24, 0x00	; 0
     32c:	99 e0       	ldi	r25, 0x09	; 9
     32e:	0e 94 e6 07 	call	0xfcc	; 0xfcc <HID_Device_ProcessControlRequest>
     332:	08 95       	ret

00000334 <EVENT_USB_Device_StartOfFrame>:
			 *  \param[in,out] HIDInterfaceInfo  Pointer to a structure containing a HID Class configuration and state.
			 */
			static inline void HID_Device_MillisecondElapsed(USB_ClassInfo_HID_Device_t* const HIDInterfaceInfo) ATTR_ALWAYS_INLINE ATTR_NON_NULL_PTR_ARG(1);
			static inline void HID_Device_MillisecondElapsed(USB_ClassInfo_HID_Device_t* const HIDInterfaceInfo)
			{
				if (HIDInterfaceInfo->State.IdleMSRemaining)
     334:	80 91 0e 09 	lds	r24, 0x090E	; 0x80090e <Keyboard_HID_Interface+0xe>
     338:	90 91 0f 09 	lds	r25, 0x090F	; 0x80090f <Keyboard_HID_Interface+0xf>
     33c:	00 97       	sbiw	r24, 0x00	; 0
     33e:	29 f0       	breq	.+10     	; 0x34a <EVENT_USB_Device_StartOfFrame+0x16>
				  HIDInterfaceInfo->State.IdleMSRemaining--;
     340:	01 97       	sbiw	r24, 0x01	; 1
     342:	90 93 0f 09 	sts	0x090F, r25	; 0x80090f <Keyboard_HID_Interface+0xf>
     346:	80 93 0e 09 	sts	0x090E, r24	; 0x80090e <Keyboard_HID_Interface+0xe>
     34a:	08 95       	ret

0000034c <CALLBACK_HID_Device_CreateHIDReport>:
bool CALLBACK_HID_Device_CreateHIDReport(USB_ClassInfo_HID_Device_t* const HIDInterfaceInfo,
                                         uint8_t* const ReportID,
                                         const uint8_t ReportType,
                                         void* ReportData,
                                         uint16_t* const ReportSize)
{
     34c:	0f 93       	push	r16
     34e:	1f 93       	push	r17
	USB_KeyboardReport_Data_t* KeyboardReport = (USB_KeyboardReport_Data_t*)ReportData;

	uint8_t UsedKeyCodes = 0;

	if(!(PINB&(1<<PB1))) {
     350:	19 99       	sbic	0x03, 1	; 3
     352:	08 c0       	rjmp	.+16     	; 0x364 <CALLBACK_HID_Device_CreateHIDReport+0x18>
		key_pressed = true;
     354:	81 e0       	ldi	r24, 0x01	; 1
     356:	80 93 10 09 	sts	0x0910, r24	; 0x800910 <__data_end>
		KeyboardReport->KeyCode[UsedKeyCodes++] = HID_KEYBOARD_SC_1_AND_EXCLAMATION;
     35a:	8e e1       	ldi	r24, 0x1E	; 30
     35c:	f9 01       	movw	r30, r18
     35e:	82 83       	std	Z+2, r24	; 0x02
     360:	81 e0       	ldi	r24, 0x01	; 1
     362:	01 c0       	rjmp	.+2      	; 0x366 <CALLBACK_HID_Device_CreateHIDReport+0x1a>
                                         void* ReportData,
                                         uint16_t* const ReportSize)
{
	USB_KeyboardReport_Data_t* KeyboardReport = (USB_KeyboardReport_Data_t*)ReportData;

	uint8_t UsedKeyCodes = 0;
     364:	80 e0       	ldi	r24, 0x00	; 0
	if(!(PINB&(1<<PB1))) {
		key_pressed = true;
		KeyboardReport->KeyCode[UsedKeyCodes++] = HID_KEYBOARD_SC_1_AND_EXCLAMATION;
	}
	
	if(!(PINB&(1<<PB2))) {
     366:	1a 99       	sbic	0x03, 2	; 3
     368:	09 c0       	rjmp	.+18     	; 0x37c <CALLBACK_HID_Device_CreateHIDReport+0x30>
		key_pressed = true;
     36a:	91 e0       	ldi	r25, 0x01	; 1
     36c:	90 93 10 09 	sts	0x0910, r25	; 0x800910 <__data_end>
		KeyboardReport->KeyCode[UsedKeyCodes++] = HID_KEYBOARD_SC_2_AND_AT;
     370:	f9 01       	movw	r30, r18
     372:	e8 0f       	add	r30, r24
     374:	f1 1d       	adc	r31, r1
     376:	9f e1       	ldi	r25, 0x1F	; 31
     378:	92 83       	std	Z+2, r25	; 0x02
     37a:	8f 5f       	subi	r24, 0xFF	; 255
	}
	
	if(!(PINB&(1<<PB3))) {
     37c:	1b 99       	sbic	0x03, 3	; 3
     37e:	09 c0       	rjmp	.+18     	; 0x392 <CALLBACK_HID_Device_CreateHIDReport+0x46>
		key_pressed = true;
     380:	91 e0       	ldi	r25, 0x01	; 1
     382:	90 93 10 09 	sts	0x0910, r25	; 0x800910 <__data_end>
		KeyboardReport->KeyCode[UsedKeyCodes++] = HID_KEYBOARD_SC_3_AND_HASHMARK;
     386:	f9 01       	movw	r30, r18
     388:	e8 0f       	add	r30, r24
     38a:	f1 1d       	adc	r31, r1
     38c:	90 e2       	ldi	r25, 0x20	; 32
     38e:	92 83       	std	Z+2, r25	; 0x02
     390:	8f 5f       	subi	r24, 0xFF	; 255
	}
	
	if(!(PINB&(1<<PB4))) {
     392:	1c 99       	sbic	0x03, 4	; 3
     394:	09 c0       	rjmp	.+18     	; 0x3a8 <CALLBACK_HID_Device_CreateHIDReport+0x5c>
		key_pressed = true;
     396:	91 e0       	ldi	r25, 0x01	; 1
     398:	90 93 10 09 	sts	0x0910, r25	; 0x800910 <__data_end>
		KeyboardReport->KeyCode[UsedKeyCodes++] = HID_KEYBOARD_SC_4_AND_DOLLAR;
     39c:	f9 01       	movw	r30, r18
     39e:	e8 0f       	add	r30, r24
     3a0:	f1 1d       	adc	r31, r1
     3a2:	91 e2       	ldi	r25, 0x21	; 33
     3a4:	92 83       	std	Z+2, r25	; 0x02
     3a6:	8f 5f       	subi	r24, 0xFF	; 255
	}
	
	if(!(PINB&(1<<PB5))) {
     3a8:	1d 99       	sbic	0x03, 5	; 3
     3aa:	09 c0       	rjmp	.+18     	; 0x3be <CALLBACK_HID_Device_CreateHIDReport+0x72>
		key_pressed = true;
     3ac:	91 e0       	ldi	r25, 0x01	; 1
     3ae:	90 93 10 09 	sts	0x0910, r25	; 0x800910 <__data_end>
		KeyboardReport->KeyCode[UsedKeyCodes++] = HID_KEYBOARD_SC_5_AND_PERCENTAGE;
     3b2:	f9 01       	movw	r30, r18
     3b4:	e8 0f       	add	r30, r24
     3b6:	f1 1d       	adc	r31, r1
     3b8:	92 e2       	ldi	r25, 0x22	; 34
     3ba:	92 83       	std	Z+2, r25	; 0x02
     3bc:	8f 5f       	subi	r24, 0xFF	; 255
	}
	
	if(!(PINB&(1<<PB6))) {
     3be:	1e 99       	sbic	0x03, 6	; 3
     3c0:	08 c0       	rjmp	.+16     	; 0x3d2 <CALLBACK_HID_Device_CreateHIDReport+0x86>
		key_pressed = true;
     3c2:	91 e0       	ldi	r25, 0x01	; 1
     3c4:	90 93 10 09 	sts	0x0910, r25	; 0x800910 <__data_end>
		KeyboardReport->KeyCode[UsedKeyCodes++] = HID_KEYBOARD_SC_6_AND_CARET;
     3c8:	f9 01       	movw	r30, r18
     3ca:	e8 0f       	add	r30, r24
     3cc:	f1 1d       	adc	r31, r1
     3ce:	83 e2       	ldi	r24, 0x23	; 35
     3d0:	82 83       	std	Z+2, r24	; 0x02
	}

	*ReportSize = sizeof(USB_KeyboardReport_Data_t);
     3d2:	88 e0       	ldi	r24, 0x08	; 8
     3d4:	90 e0       	ldi	r25, 0x00	; 0
     3d6:	f8 01       	movw	r30, r16
     3d8:	91 83       	std	Z+1, r25	; 0x01
     3da:	80 83       	st	Z, r24
	return false;
}
     3dc:	80 e0       	ldi	r24, 0x00	; 0
     3de:	1f 91       	pop	r17
     3e0:	0f 91       	pop	r16
     3e2:	08 95       	ret

000003e4 <CALLBACK_HID_Device_ProcessHIDReport>:
void CALLBACK_HID_Device_ProcessHIDReport(USB_ClassInfo_HID_Device_t* const HIDInterfaceInfo,
                                          const uint8_t ReportID,
                                          const uint8_t ReportType,
                                          const void* ReportData,
                                          const uint16_t ReportSize)
{
     3e4:	08 95       	ret

000003e6 <i2c_init>:
	TWCR = (1<<TWINT) | (1<<TWEN) | (1<<TWEA);
	
	// wait for TWINT flag to be set
	while (!(TWCR & (1<<TWINT)));
	
	*buffer = TWDR;
     3e6:	8c e0       	ldi	r24, 0x0C	; 12
     3e8:	80 93 b8 00 	sts	0x00B8, r24	; 0x8000b8 <__TEXT_REGION_LENGTH__+0x7f80b8>
     3ec:	84 e0       	ldi	r24, 0x04	; 4
     3ee:	80 93 bc 00 	sts	0x00BC, r24	; 0x8000bc <__TEXT_REGION_LENGTH__+0x7f80bc>
     3f2:	08 95       	ret

000003f4 <i2c_send_start>:
     3f4:	84 ea       	ldi	r24, 0xA4	; 164
     3f6:	80 93 bc 00 	sts	0x00BC, r24	; 0x8000bc <__TEXT_REGION_LENGTH__+0x7f80bc>
     3fa:	80 91 bc 00 	lds	r24, 0x00BC	; 0x8000bc <__TEXT_REGION_LENGTH__+0x7f80bc>
     3fe:	88 23       	and	r24, r24
     400:	e4 f7       	brge	.-8      	; 0x3fa <i2c_send_start+0x6>
     402:	08 95       	ret

00000404 <i2c_send_stop>:
     404:	84 e9       	ldi	r24, 0x94	; 148
     406:	80 93 bc 00 	sts	0x00BC, r24	; 0x8000bc <__TEXT_REGION_LENGTH__+0x7f80bc>
     40a:	08 95       	ret

0000040c <i2c_enter_MT_mode>:
     40c:	88 0f       	add	r24, r24
     40e:	80 93 bb 00 	sts	0x00BB, r24	; 0x8000bb <__TEXT_REGION_LENGTH__+0x7f80bb>
     412:	84 e8       	ldi	r24, 0x84	; 132
     414:	80 93 bc 00 	sts	0x00BC, r24	; 0x8000bc <__TEXT_REGION_LENGTH__+0x7f80bc>
     418:	80 91 bc 00 	lds	r24, 0x00BC	; 0x8000bc <__TEXT_REGION_LENGTH__+0x7f80bc>
     41c:	88 23       	and	r24, r24
     41e:	e4 f7       	brge	.-8      	; 0x418 <i2c_enter_MT_mode+0xc>
     420:	08 95       	ret

00000422 <i2c_send>:
     422:	80 93 bb 00 	sts	0x00BB, r24	; 0x8000bb <__TEXT_REGION_LENGTH__+0x7f80bb>
     426:	84 e8       	ldi	r24, 0x84	; 132
     428:	80 93 bc 00 	sts	0x00BC, r24	; 0x8000bc <__TEXT_REGION_LENGTH__+0x7f80bc>
     42c:	80 91 bc 00 	lds	r24, 0x00BC	; 0x8000bc <__TEXT_REGION_LENGTH__+0x7f80bc>
     430:	88 23       	and	r24, r24
     432:	e4 f7       	brge	.-8      	; 0x42c <i2c_send+0xa>
     434:	08 95       	ret

00000436 <i2c_reset>:
}

void i2c_reset() {
	TWCR = 0;              // disable TWI hardware
     436:	ec eb       	ldi	r30, 0xBC	; 188
     438:	f0 e0       	ldi	r31, 0x00	; 0
     43a:	10 82       	st	Z, r1
	TWCR = (1<<TWEN);     // re-enable TWI
     43c:	84 e0       	ldi	r24, 0x04	; 4
     43e:	80 83       	st	Z, r24
     440:	08 95       	ret

00000442 <oled_init>:
void oled_turn_off() {
	i2c_send_start();
	i2c_enter_MT_mode(OLED_ADDR);
	i2c_send(0x00); // Co = 0, D/C# = 0 (command)
	i2c_send(0xA4); // disable entire screen on
	i2c_send_stop();
     442:	0e 94 fa 01 	call	0x3f4	; 0x3f4 <i2c_send_start>
     446:	8c e3       	ldi	r24, 0x3C	; 60
     448:	0e 94 06 02 	call	0x40c	; 0x40c <i2c_enter_MT_mode>
     44c:	80 e0       	ldi	r24, 0x00	; 0
     44e:	0e 94 11 02 	call	0x422	; 0x422 <i2c_send>
     452:	8e ea       	ldi	r24, 0xAE	; 174
     454:	0e 94 11 02 	call	0x422	; 0x422 <i2c_send>
     458:	85 ed       	ldi	r24, 0xD5	; 213
     45a:	0e 94 11 02 	call	0x422	; 0x422 <i2c_send>
     45e:	80 e8       	ldi	r24, 0x80	; 128
     460:	0e 94 11 02 	call	0x422	; 0x422 <i2c_send>
     464:	88 ea       	ldi	r24, 0xA8	; 168
     466:	0e 94 11 02 	call	0x422	; 0x422 <i2c_send>
     46a:	8f e3       	ldi	r24, 0x3F	; 63
     46c:	0e 94 11 02 	call	0x422	; 0x422 <i2c_send>
     470:	83 ed       	ldi	r24, 0xD3	; 211
     472:	0e 94 11 02 	call	0x422	; 0x422 <i2c_send>
     476:	80 e0       	ldi	r24, 0x00	; 0
     478:	0e 94 11 02 	call	0x422	; 0x422 <i2c_send>
     47c:	80 e4       	ldi	r24, 0x40	; 64
     47e:	0e 94 11 02 	call	0x422	; 0x422 <i2c_send>
     482:	8d e8       	ldi	r24, 0x8D	; 141
     484:	0e 94 11 02 	call	0x422	; 0x422 <i2c_send>
     488:	84 e1       	ldi	r24, 0x14	; 20
     48a:	0e 94 11 02 	call	0x422	; 0x422 <i2c_send>
     48e:	80 e2       	ldi	r24, 0x20	; 32
     490:	0e 94 11 02 	call	0x422	; 0x422 <i2c_send>
     494:	80 e0       	ldi	r24, 0x00	; 0
     496:	0e 94 11 02 	call	0x422	; 0x422 <i2c_send>
     49a:	81 ea       	ldi	r24, 0xA1	; 161
     49c:	0e 94 11 02 	call	0x422	; 0x422 <i2c_send>
     4a0:	88 ec       	ldi	r24, 0xC8	; 200
     4a2:	0e 94 11 02 	call	0x422	; 0x422 <i2c_send>
     4a6:	8a ed       	ldi	r24, 0xDA	; 218
     4a8:	0e 94 11 02 	call	0x422	; 0x422 <i2c_send>
     4ac:	82 e1       	ldi	r24, 0x12	; 18
     4ae:	0e 94 11 02 	call	0x422	; 0x422 <i2c_send>
     4b2:	81 e8       	ldi	r24, 0x81	; 129
     4b4:	0e 94 11 02 	call	0x422	; 0x422 <i2c_send>
     4b8:	8f e7       	ldi	r24, 0x7F	; 127
     4ba:	0e 94 11 02 	call	0x422	; 0x422 <i2c_send>
     4be:	84 ea       	ldi	r24, 0xA4	; 164
     4c0:	0e 94 11 02 	call	0x422	; 0x422 <i2c_send>
     4c4:	86 ea       	ldi	r24, 0xA6	; 166
     4c6:	0e 94 11 02 	call	0x422	; 0x422 <i2c_send>
     4ca:	8f ea       	ldi	r24, 0xAF	; 175
     4cc:	0e 94 11 02 	call	0x422	; 0x422 <i2c_send>
     4d0:	0e 94 02 02 	call	0x404	; 0x404 <i2c_send_stop>
     4d4:	08 95       	ret

000004d6 <oled_set_addressing>:
}

void oled_set_addressing() {
	i2c_send_start();
     4d6:	0e 94 fa 01 	call	0x3f4	; 0x3f4 <i2c_send_start>
	i2c_enter_MT_mode(OLED_ADDR);
     4da:	8c e3       	ldi	r24, 0x3C	; 60
     4dc:	0e 94 06 02 	call	0x40c	; 0x40c <i2c_enter_MT_mode>
	i2c_send(0x00);
     4e0:	80 e0       	ldi	r24, 0x00	; 0
     4e2:	0e 94 11 02 	call	0x422	; 0x422 <i2c_send>

	i2c_send(0x21); // column address
     4e6:	81 e2       	ldi	r24, 0x21	; 33
     4e8:	0e 94 11 02 	call	0x422	; 0x422 <i2c_send>
	i2c_send(0x00); // start column
     4ec:	80 e0       	ldi	r24, 0x00	; 0
     4ee:	0e 94 11 02 	call	0x422	; 0x422 <i2c_send>
	i2c_send(0x7F); // end column
     4f2:	8f e7       	ldi	r24, 0x7F	; 127
     4f4:	0e 94 11 02 	call	0x422	; 0x422 <i2c_send>

	i2c_send(0x22); // page address
     4f8:	82 e2       	ldi	r24, 0x22	; 34
     4fa:	0e 94 11 02 	call	0x422	; 0x422 <i2c_send>
	i2c_send(0x00); // start page
     4fe:	80 e0       	ldi	r24, 0x00	; 0
     500:	0e 94 11 02 	call	0x422	; 0x422 <i2c_send>
	i2c_send(0x07); // end page (32px display)
     504:	87 e0       	ldi	r24, 0x07	; 7
     506:	0e 94 11 02 	call	0x422	; 0x422 <i2c_send>

	i2c_send_stop();
     50a:	0e 94 02 02 	call	0x404	; 0x404 <i2c_send_stop>
     50e:	08 95       	ret

00000510 <oled_update_ram>:
}

void oled_update_ram(uint8_t *arr) {
     510:	0f 93       	push	r16
     512:	1f 93       	push	r17
     514:	cf 93       	push	r28
     516:	df 93       	push	r29
     518:	8c 01       	movw	r16, r24
	uint16_t i = 0;
	i2c_send_start();
     51a:	0e 94 fa 01 	call	0x3f4	; 0x3f4 <i2c_send_start>
	i2c_enter_MT_mode(OLED_ADDR);
     51e:	8c e3       	ldi	r24, 0x3C	; 60
     520:	0e 94 06 02 	call	0x40c	; 0x40c <i2c_enter_MT_mode>
	i2c_send(0x40); // Co = 0, D/C# = 1 (data)
     524:	80 e4       	ldi	r24, 0x40	; 64
     526:	0e 94 11 02 	call	0x422	; 0x422 <i2c_send>
	
	i = 0;
     52a:	80 e0       	ldi	r24, 0x00	; 0
     52c:	90 e0       	ldi	r25, 0x00	; 0
	
	while (i < CACHE_SIZE) {
     52e:	09 c0       	rjmp	.+18     	; 0x542 <oled_update_ram+0x32>
		i2c_send(arr[i++]);
     530:	ec 01       	movw	r28, r24
     532:	21 96       	adiw	r28, 0x01	; 1
     534:	f8 01       	movw	r30, r16
     536:	e8 0f       	add	r30, r24
     538:	f9 1f       	adc	r31, r25
     53a:	80 81       	ld	r24, Z
     53c:	0e 94 11 02 	call	0x422	; 0x422 <i2c_send>
     540:	ce 01       	movw	r24, r28
	i2c_enter_MT_mode(OLED_ADDR);
	i2c_send(0x40); // Co = 0, D/C# = 1 (data)
	
	i = 0;
	
	while (i < CACHE_SIZE) {
     542:	81 15       	cp	r24, r1
     544:	24 e0       	ldi	r18, 0x04	; 4
     546:	92 07       	cpc	r25, r18
     548:	98 f3       	brcs	.-26     	; 0x530 <oled_update_ram+0x20>
		i2c_send(arr[i++]);
	}
	
	i2c_send_stop();
     54a:	0e 94 02 02 	call	0x404	; 0x404 <i2c_send_stop>
     54e:	df 91       	pop	r29
     550:	cf 91       	pop	r28
     552:	1f 91       	pop	r17
     554:	0f 91       	pop	r16
     556:	08 95       	ret

00000558 <Endpoint_Write_Stream_LE>:
		else if (USB_DeviceState_LCL == DEVICE_STATE_Suspended)
		  return ENDPOINT_RWCSTREAM_BusSuspended;
	}

	return ENDPOINT_RWCSTREAM_NoError;
}
     558:	cf 92       	push	r12
     55a:	df 92       	push	r13
     55c:	ef 92       	push	r14
     55e:	ff 92       	push	r15
     560:	0f 93       	push	r16
     562:	1f 93       	push	r17
     564:	cf 93       	push	r28
     566:	df 93       	push	r29
     568:	8c 01       	movw	r16, r24
     56a:	eb 01       	movw	r28, r22
     56c:	6a 01       	movw	r12, r20
     56e:	0e 94 b5 04 	call	0x96a	; 0x96a <Endpoint_WaitUntilReady>
     572:	81 11       	cpse	r24, r1
     574:	35 c0       	rjmp	.+106    	; 0x5e0 <Endpoint_Write_Stream_LE+0x88>
     576:	c1 14       	cp	r12, r1
     578:	d1 04       	cpc	r13, r1
     57a:	39 f0       	breq	.+14     	; 0x58a <Endpoint_Write_Stream_LE+0x32>
     57c:	f6 01       	movw	r30, r12
     57e:	80 81       	ld	r24, Z
     580:	91 81       	ldd	r25, Z+1	; 0x01
     582:	c8 1b       	sub	r28, r24
     584:	d9 0b       	sbc	r29, r25
     586:	08 0f       	add	r16, r24
     588:	19 1f       	adc	r17, r25
     58a:	e1 2c       	mov	r14, r1
     58c:	f1 2c       	mov	r15, r1
     58e:	25 c0       	rjmp	.+74     	; 0x5da <Endpoint_Write_Stream_LE+0x82>
     590:	90 91 e8 00 	lds	r25, 0x00E8	; 0x8000e8 <__TEXT_REGION_LENGTH__+0x7f80e8>
     594:	95 fd       	sbrc	r25, 5
     596:	18 c0       	rjmp	.+48     	; 0x5c8 <Endpoint_Write_Stream_LE+0x70>
     598:	e8 ee       	ldi	r30, 0xE8	; 232
     59a:	f0 e0       	ldi	r31, 0x00	; 0
     59c:	80 81       	ld	r24, Z
     59e:	8e 77       	andi	r24, 0x7E	; 126
     5a0:	80 83       	st	Z, r24
     5a2:	0e 94 e3 07 	call	0xfc6	; 0xfc6 <USB_USBTask>
     5a6:	c1 14       	cp	r12, r1
     5a8:	d1 04       	cpc	r13, r1
     5aa:	49 f0       	breq	.+18     	; 0x5be <Endpoint_Write_Stream_LE+0x66>
     5ac:	f6 01       	movw	r30, r12
     5ae:	80 81       	ld	r24, Z
     5b0:	91 81       	ldd	r25, Z+1	; 0x01
     5b2:	e8 0e       	add	r14, r24
     5b4:	f9 1e       	adc	r15, r25
     5b6:	f1 82       	std	Z+1, r15	; 0x01
     5b8:	e0 82       	st	Z, r14
     5ba:	85 e0       	ldi	r24, 0x05	; 5
     5bc:	11 c0       	rjmp	.+34     	; 0x5e0 <Endpoint_Write_Stream_LE+0x88>
     5be:	0e 94 b5 04 	call	0x96a	; 0x96a <Endpoint_WaitUntilReady>
     5c2:	88 23       	and	r24, r24
     5c4:	51 f0       	breq	.+20     	; 0x5da <Endpoint_Write_Stream_LE+0x82>
     5c6:	0c c0       	rjmp	.+24     	; 0x5e0 <Endpoint_Write_Stream_LE+0x88>
     5c8:	f8 01       	movw	r30, r16
     5ca:	81 91       	ld	r24, Z+
     5cc:	8f 01       	movw	r16, r30
     5ce:	80 93 f1 00 	sts	0x00F1, r24	; 0x8000f1 <__TEXT_REGION_LENGTH__+0x7f80f1>
     5d2:	21 97       	sbiw	r28, 0x01	; 1
     5d4:	ff ef       	ldi	r31, 0xFF	; 255
     5d6:	ef 1a       	sub	r14, r31
     5d8:	ff 0a       	sbc	r15, r31
     5da:	20 97       	sbiw	r28, 0x00	; 0
     5dc:	c9 f6       	brne	.-78     	; 0x590 <Endpoint_Write_Stream_LE+0x38>
     5de:	80 e0       	ldi	r24, 0x00	; 0
     5e0:	df 91       	pop	r29
     5e2:	cf 91       	pop	r28
     5e4:	1f 91       	pop	r17
     5e6:	0f 91       	pop	r16
     5e8:	ff 90       	pop	r15
     5ea:	ef 90       	pop	r14
     5ec:	df 90       	pop	r13
     5ee:	cf 90       	pop	r12
     5f0:	08 95       	ret

000005f2 <Endpoint_Write_Control_Stream_LE>:
     5f2:	20 91 24 09 	lds	r18, 0x0924	; 0x800924 <USB_ControlRequest+0x6>
     5f6:	30 91 25 09 	lds	r19, 0x0925	; 0x800925 <USB_ControlRequest+0x7>
     5fa:	26 17       	cp	r18, r22
     5fc:	37 07       	cpc	r19, r23
     5fe:	58 f0       	brcs	.+22     	; 0x616 <Endpoint_Write_Control_Stream_LE+0x24>
     600:	61 15       	cp	r22, r1
     602:	71 05       	cpc	r23, r1
     604:	39 f4       	brne	.+14     	; 0x614 <Endpoint_Write_Control_Stream_LE+0x22>
     606:	e8 ee       	ldi	r30, 0xE8	; 232
     608:	f0 e0       	ldi	r31, 0x00	; 0
     60a:	20 81       	ld	r18, Z
     60c:	2e 77       	andi	r18, 0x7E	; 126
     60e:	20 83       	st	Z, r18
     610:	9b 01       	movw	r18, r22
     612:	01 c0       	rjmp	.+2      	; 0x616 <Endpoint_Write_Control_Stream_LE+0x24>
     614:	9b 01       	movw	r18, r22
     616:	e8 2f       	mov	r30, r24
     618:	f9 2f       	mov	r31, r25
     61a:	40 e0       	ldi	r20, 0x00	; 0
     61c:	32 c0       	rjmp	.+100    	; 0x682 <Endpoint_Write_Control_Stream_LE+0x90>
     61e:	80 91 1d 09 	lds	r24, 0x091D	; 0x80091d <USB_DeviceState>
     622:	88 23       	and	r24, r24
     624:	09 f4       	brne	.+2      	; 0x628 <Endpoint_Write_Control_Stream_LE+0x36>
     626:	43 c0       	rjmp	.+134    	; 0x6ae <Endpoint_Write_Control_Stream_LE+0xbc>
     628:	85 30       	cpi	r24, 0x05	; 5
     62a:	09 f4       	brne	.+2      	; 0x62e <Endpoint_Write_Control_Stream_LE+0x3c>
     62c:	42 c0       	rjmp	.+132    	; 0x6b2 <Endpoint_Write_Control_Stream_LE+0xc0>
     62e:	80 91 e8 00 	lds	r24, 0x00E8	; 0x8000e8 <__TEXT_REGION_LENGTH__+0x7f80e8>
     632:	83 fd       	sbrc	r24, 3
     634:	40 c0       	rjmp	.+128    	; 0x6b6 <Endpoint_Write_Control_Stream_LE+0xc4>
     636:	80 91 e8 00 	lds	r24, 0x00E8	; 0x8000e8 <__TEXT_REGION_LENGTH__+0x7f80e8>
     63a:	82 fd       	sbrc	r24, 2
     63c:	32 c0       	rjmp	.+100    	; 0x6a2 <Endpoint_Write_Control_Stream_LE+0xb0>
     63e:	80 91 e8 00 	lds	r24, 0x00E8	; 0x8000e8 <__TEXT_REGION_LENGTH__+0x7f80e8>
     642:	80 ff       	sbrs	r24, 0
     644:	1e c0       	rjmp	.+60     	; 0x682 <Endpoint_Write_Control_Stream_LE+0x90>
     646:	80 91 f3 00 	lds	r24, 0x00F3	; 0x8000f3 <__TEXT_REGION_LENGTH__+0x7f80f3>
     64a:	90 e0       	ldi	r25, 0x00	; 0
     64c:	98 2f       	mov	r25, r24
     64e:	88 27       	eor	r24, r24
     650:	40 91 f2 00 	lds	r20, 0x00F2	; 0x8000f2 <__TEXT_REGION_LENGTH__+0x7f80f2>
     654:	84 2b       	or	r24, r20
     656:	06 c0       	rjmp	.+12     	; 0x664 <Endpoint_Write_Control_Stream_LE+0x72>
     658:	41 91       	ld	r20, Z+
     65a:	40 93 f1 00 	sts	0x00F1, r20	; 0x8000f1 <__TEXT_REGION_LENGTH__+0x7f80f1>
     65e:	21 50       	subi	r18, 0x01	; 1
     660:	31 09       	sbc	r19, r1
     662:	01 96       	adiw	r24, 0x01	; 1
     664:	21 15       	cp	r18, r1
     666:	31 05       	cpc	r19, r1
     668:	19 f0       	breq	.+6      	; 0x670 <Endpoint_Write_Control_Stream_LE+0x7e>
     66a:	88 30       	cpi	r24, 0x08	; 8
     66c:	91 05       	cpc	r25, r1
     66e:	a0 f3       	brcs	.-24     	; 0x658 <Endpoint_Write_Control_Stream_LE+0x66>
     670:	41 e0       	ldi	r20, 0x01	; 1
     672:	08 97       	sbiw	r24, 0x08	; 8
     674:	09 f0       	breq	.+2      	; 0x678 <Endpoint_Write_Control_Stream_LE+0x86>
     676:	40 e0       	ldi	r20, 0x00	; 0
     678:	a8 ee       	ldi	r26, 0xE8	; 232
     67a:	b0 e0       	ldi	r27, 0x00	; 0
     67c:	8c 91       	ld	r24, X
     67e:	8e 77       	andi	r24, 0x7E	; 126
     680:	8c 93       	st	X, r24
     682:	21 15       	cp	r18, r1
     684:	31 05       	cpc	r19, r1
     686:	59 f6       	brne	.-106    	; 0x61e <Endpoint_Write_Control_Stream_LE+0x2c>
     688:	41 11       	cpse	r20, r1
     68a:	c9 cf       	rjmp	.-110    	; 0x61e <Endpoint_Write_Control_Stream_LE+0x2c>
     68c:	0a c0       	rjmp	.+20     	; 0x6a2 <Endpoint_Write_Control_Stream_LE+0xb0>
     68e:	80 91 1d 09 	lds	r24, 0x091D	; 0x80091d <USB_DeviceState>
     692:	88 23       	and	r24, r24
     694:	91 f0       	breq	.+36     	; 0x6ba <Endpoint_Write_Control_Stream_LE+0xc8>
     696:	85 30       	cpi	r24, 0x05	; 5
     698:	91 f0       	breq	.+36     	; 0x6be <Endpoint_Write_Control_Stream_LE+0xcc>
     69a:	80 91 e8 00 	lds	r24, 0x00E8	; 0x8000e8 <__TEXT_REGION_LENGTH__+0x7f80e8>
     69e:	83 fd       	sbrc	r24, 3
     6a0:	10 c0       	rjmp	.+32     	; 0x6c2 <Endpoint_Write_Control_Stream_LE+0xd0>
     6a2:	80 91 e8 00 	lds	r24, 0x00E8	; 0x8000e8 <__TEXT_REGION_LENGTH__+0x7f80e8>
     6a6:	82 ff       	sbrs	r24, 2
     6a8:	f2 cf       	rjmp	.-28     	; 0x68e <Endpoint_Write_Control_Stream_LE+0x9c>
     6aa:	80 e0       	ldi	r24, 0x00	; 0
     6ac:	08 95       	ret
     6ae:	82 e0       	ldi	r24, 0x02	; 2
     6b0:	08 95       	ret
     6b2:	83 e0       	ldi	r24, 0x03	; 3
     6b4:	08 95       	ret
     6b6:	81 e0       	ldi	r24, 0x01	; 1
     6b8:	08 95       	ret
     6ba:	82 e0       	ldi	r24, 0x02	; 2
     6bc:	08 95       	ret
     6be:	83 e0       	ldi	r24, 0x03	; 3
     6c0:	08 95       	ret
     6c2:	81 e0       	ldi	r24, 0x01	; 1
     6c4:	08 95       	ret

000006c6 <Endpoint_Read_Control_Stream_LE>:
     6c6:	61 15       	cp	r22, r1
     6c8:	71 05       	cpc	r23, r1
     6ca:	29 f4       	brne	.+10     	; 0x6d6 <Endpoint_Read_Control_Stream_LE+0x10>
     6cc:	e8 ee       	ldi	r30, 0xE8	; 232
     6ce:	f0 e0       	ldi	r31, 0x00	; 0
     6d0:	20 81       	ld	r18, Z
     6d2:	2b 77       	andi	r18, 0x7B	; 123
     6d4:	20 83       	st	Z, r18
     6d6:	e8 2f       	mov	r30, r24
     6d8:	f9 2f       	mov	r31, r25
     6da:	26 c0       	rjmp	.+76     	; 0x728 <Endpoint_Read_Control_Stream_LE+0x62>
     6dc:	80 91 1d 09 	lds	r24, 0x091D	; 0x80091d <USB_DeviceState>
     6e0:	88 23       	and	r24, r24
     6e2:	91 f1       	breq	.+100    	; 0x748 <Endpoint_Read_Control_Stream_LE+0x82>
     6e4:	85 30       	cpi	r24, 0x05	; 5
     6e6:	91 f1       	breq	.+100    	; 0x74c <Endpoint_Read_Control_Stream_LE+0x86>
     6e8:	80 91 e8 00 	lds	r24, 0x00E8	; 0x8000e8 <__TEXT_REGION_LENGTH__+0x7f80e8>
     6ec:	83 fd       	sbrc	r24, 3
     6ee:	30 c0       	rjmp	.+96     	; 0x750 <Endpoint_Read_Control_Stream_LE+0x8a>
     6f0:	80 91 e8 00 	lds	r24, 0x00E8	; 0x8000e8 <__TEXT_REGION_LENGTH__+0x7f80e8>
     6f4:	82 ff       	sbrs	r24, 2
     6f6:	18 c0       	rjmp	.+48     	; 0x728 <Endpoint_Read_Control_Stream_LE+0x62>
     6f8:	05 c0       	rjmp	.+10     	; 0x704 <Endpoint_Read_Control_Stream_LE+0x3e>
     6fa:	80 91 f1 00 	lds	r24, 0x00F1	; 0x8000f1 <__TEXT_REGION_LENGTH__+0x7f80f1>
     6fe:	81 93       	st	Z+, r24
     700:	61 50       	subi	r22, 0x01	; 1
     702:	71 09       	sbc	r23, r1
     704:	61 15       	cp	r22, r1
     706:	71 05       	cpc	r23, r1
     708:	51 f0       	breq	.+20     	; 0x71e <Endpoint_Read_Control_Stream_LE+0x58>
     70a:	80 91 f3 00 	lds	r24, 0x00F3	; 0x8000f3 <__TEXT_REGION_LENGTH__+0x7f80f3>
     70e:	90 e0       	ldi	r25, 0x00	; 0
     710:	98 2f       	mov	r25, r24
     712:	88 27       	eor	r24, r24
     714:	20 91 f2 00 	lds	r18, 0x00F2	; 0x8000f2 <__TEXT_REGION_LENGTH__+0x7f80f2>
     718:	82 2b       	or	r24, r18
     71a:	89 2b       	or	r24, r25
     71c:	71 f7       	brne	.-36     	; 0x6fa <Endpoint_Read_Control_Stream_LE+0x34>
     71e:	a8 ee       	ldi	r26, 0xE8	; 232
     720:	b0 e0       	ldi	r27, 0x00	; 0
     722:	8c 91       	ld	r24, X
     724:	8b 77       	andi	r24, 0x7B	; 123
     726:	8c 93       	st	X, r24
     728:	61 15       	cp	r22, r1
     72a:	71 05       	cpc	r23, r1
     72c:	b9 f6       	brne	.-82     	; 0x6dc <Endpoint_Read_Control_Stream_LE+0x16>
     72e:	06 c0       	rjmp	.+12     	; 0x73c <Endpoint_Read_Control_Stream_LE+0x76>
     730:	80 91 1d 09 	lds	r24, 0x091D	; 0x80091d <USB_DeviceState>
     734:	88 23       	and	r24, r24
     736:	71 f0       	breq	.+28     	; 0x754 <Endpoint_Read_Control_Stream_LE+0x8e>
     738:	85 30       	cpi	r24, 0x05	; 5
     73a:	71 f0       	breq	.+28     	; 0x758 <Endpoint_Read_Control_Stream_LE+0x92>
     73c:	80 91 e8 00 	lds	r24, 0x00E8	; 0x8000e8 <__TEXT_REGION_LENGTH__+0x7f80e8>
     740:	80 ff       	sbrs	r24, 0
     742:	f6 cf       	rjmp	.-20     	; 0x730 <Endpoint_Read_Control_Stream_LE+0x6a>
     744:	80 e0       	ldi	r24, 0x00	; 0
     746:	08 95       	ret
     748:	82 e0       	ldi	r24, 0x02	; 2
     74a:	08 95       	ret
     74c:	83 e0       	ldi	r24, 0x03	; 3
     74e:	08 95       	ret
     750:	81 e0       	ldi	r24, 0x01	; 1
     752:	08 95       	ret
     754:	82 e0       	ldi	r24, 0x02	; 2
     756:	08 95       	ret
     758:	83 e0       	ldi	r24, 0x03	; 3
     75a:	08 95       	ret

0000075c <Endpoint_Write_Control_PStream_LE>:
                            uint16_t Length)
{
	uint8_t* DataStream     = ((uint8_t*)Buffer + TEMPLATE_BUFFER_OFFSET(Length));
	bool     LastPacketFull = false;

	if (Length > USB_ControlRequest.wLength)
     75c:	20 91 24 09 	lds	r18, 0x0924	; 0x800924 <USB_ControlRequest+0x6>
     760:	30 91 25 09 	lds	r19, 0x0925	; 0x800925 <USB_ControlRequest+0x7>
     764:	26 17       	cp	r18, r22
     766:	37 07       	cpc	r19, r23
     768:	58 f0       	brcs	.+22     	; 0x780 <Endpoint_Write_Control_PStream_LE+0x24>
	  Length = USB_ControlRequest.wLength;
	else if (!(Length))
     76a:	61 15       	cp	r22, r1
     76c:	71 05       	cpc	r23, r1
     76e:	39 f4       	brne	.+14     	; 0x77e <Endpoint_Write_Control_PStream_LE+0x22>
			 */
			static inline void Endpoint_ClearIN(void) ATTR_ALWAYS_INLINE;
			static inline void Endpoint_ClearIN(void)
			{
				#if !defined(CONTROL_ONLY_DEVICE)
					UEINTX &= ~((1 << TXINI) | (1 << FIFOCON));
     770:	e8 ee       	ldi	r30, 0xE8	; 232
     772:	f0 e0       	ldi	r31, 0x00	; 0
     774:	20 81       	ld	r18, Z
     776:	2e 77       	andi	r18, 0x7E	; 126
     778:	20 83       	st	Z, r18
     77a:	9b 01       	movw	r18, r22
     77c:	01 c0       	rjmp	.+2      	; 0x780 <Endpoint_Write_Control_PStream_LE+0x24>
     77e:	9b 01       	movw	r18, r22
     780:	e8 2f       	mov	r30, r24
     782:	f9 2f       	mov	r31, r25
     784:	40 e0       	ldi	r20, 0x00	; 0
     786:	33 c0       	rjmp	.+102    	; 0x7ee <Endpoint_Write_Control_PStream_LE+0x92>
	  Endpoint_ClearIN();

	while (Length || LastPacketFull)
	{
		uint8_t USB_DeviceState_LCL = USB_DeviceState;
     788:	80 91 1d 09 	lds	r24, 0x091D	; 0x80091d <USB_DeviceState>

		if (USB_DeviceState_LCL == DEVICE_STATE_Unattached)
     78c:	88 23       	and	r24, r24
     78e:	09 f4       	brne	.+2      	; 0x792 <Endpoint_Write_Control_PStream_LE+0x36>
     790:	44 c0       	rjmp	.+136    	; 0x81a <Endpoint_Write_Control_PStream_LE+0xbe>
		  return ENDPOINT_RWCSTREAM_DeviceDisconnected;
		else if (USB_DeviceState_LCL == DEVICE_STATE_Suspended)
     792:	85 30       	cpi	r24, 0x05	; 5
     794:	09 f4       	brne	.+2      	; 0x798 <Endpoint_Write_Control_PStream_LE+0x3c>
     796:	43 c0       	rjmp	.+134    	; 0x81e <Endpoint_Write_Control_PStream_LE+0xc2>
			 *  \return Boolean \c true if the selected endpoint has received a SETUP packet, \c false otherwise.
			 */
			static inline bool Endpoint_IsSETUPReceived(void) ATTR_WARN_UNUSED_RESULT ATTR_ALWAYS_INLINE;
			static inline bool Endpoint_IsSETUPReceived(void)
			{
				return ((UEINTX & (1 << RXSTPI)) ? true : false);
     798:	80 91 e8 00 	lds	r24, 0x00E8	; 0x8000e8 <__TEXT_REGION_LENGTH__+0x7f80e8>
		  return ENDPOINT_RWCSTREAM_BusSuspended;
		else if (Endpoint_IsSETUPReceived())
     79c:	83 fd       	sbrc	r24, 3
     79e:	41 c0       	rjmp	.+130    	; 0x822 <Endpoint_Write_Control_PStream_LE+0xc6>
			 *  \return Boolean \c true if current endpoint is has received an OUT packet, \c false otherwise.
			 */
			static inline bool Endpoint_IsOUTReceived(void) ATTR_WARN_UNUSED_RESULT ATTR_ALWAYS_INLINE;
			static inline bool Endpoint_IsOUTReceived(void)
			{
				return ((UEINTX & (1 << RXOUTI)) ? true : false);
     7a0:	80 91 e8 00 	lds	r24, 0x00E8	; 0x8000e8 <__TEXT_REGION_LENGTH__+0x7f80e8>
		  return ENDPOINT_RWCSTREAM_HostAborted;
		else if (Endpoint_IsOUTReceived())
     7a4:	82 fd       	sbrc	r24, 2
     7a6:	33 c0       	rjmp	.+102    	; 0x80e <Endpoint_Write_Control_PStream_LE+0xb2>
			 *  \return Boolean \c true if the current endpoint is ready for an IN packet, \c false otherwise.
			 */
			static inline bool Endpoint_IsINReady(void) ATTR_WARN_UNUSED_RESULT ATTR_ALWAYS_INLINE;
			static inline bool Endpoint_IsINReady(void)
			{
				return ((UEINTX & (1 << TXINI)) ? true : false);
     7a8:	80 91 e8 00 	lds	r24, 0x00E8	; 0x8000e8 <__TEXT_REGION_LENGTH__+0x7f80e8>
		  break;

		if (Endpoint_IsINReady())
     7ac:	80 ff       	sbrs	r24, 0
     7ae:	1f c0       	rjmp	.+62     	; 0x7ee <Endpoint_Write_Control_PStream_LE+0x92>
			static inline uint16_t Endpoint_BytesInEndpoint(void)
			{
				#if (defined(USB_SERIES_6_AVR) || defined(USB_SERIES_7_AVR))
					return UEBCX;
				#elif defined(USB_SERIES_4_AVR)
					return (((uint16_t)UEBCHX << 8) | UEBCLX);
     7b0:	80 91 f3 00 	lds	r24, 0x00F3	; 0x8000f3 <__TEXT_REGION_LENGTH__+0x7f80f3>
     7b4:	90 e0       	ldi	r25, 0x00	; 0
     7b6:	98 2f       	mov	r25, r24
     7b8:	88 27       	eor	r24, r24
     7ba:	40 91 f2 00 	lds	r20, 0x00F2	; 0x8000f2 <__TEXT_REGION_LENGTH__+0x7f80f2>
     7be:	84 2b       	or	r24, r20
		{
			uint16_t BytesInEndpoint = Endpoint_BytesInEndpoint();

			while (Length && (BytesInEndpoint < USB_Device_ControlEndpointSize))
     7c0:	07 c0       	rjmp	.+14     	; 0x7d0 <Endpoint_Write_Control_PStream_LE+0x74>
			{
				TEMPLATE_TRANSFER_BYTE(DataStream);
     7c2:	44 91       	lpm	r20, Z
			 *  \param[in] Data  Data to write into the the currently selected endpoint's FIFO buffer.
			 */
			static inline void Endpoint_Write_8(const uint8_t Data) ATTR_ALWAYS_INLINE;
			static inline void Endpoint_Write_8(const uint8_t Data)
			{
				UEDATX = Data;
     7c4:	40 93 f1 00 	sts	0x00F1, r20	; 0x8000f1 <__TEXT_REGION_LENGTH__+0x7f80f1>
				TEMPLATE_BUFFER_MOVE(DataStream, 1);
     7c8:	31 96       	adiw	r30, 0x01	; 1
				Length--;
     7ca:	21 50       	subi	r18, 0x01	; 1
     7cc:	31 09       	sbc	r19, r1
				BytesInEndpoint++;
     7ce:	01 96       	adiw	r24, 0x01	; 1

		if (Endpoint_IsINReady())
		{
			uint16_t BytesInEndpoint = Endpoint_BytesInEndpoint();

			while (Length && (BytesInEndpoint < USB_Device_ControlEndpointSize))
     7d0:	21 15       	cp	r18, r1
     7d2:	31 05       	cpc	r19, r1
     7d4:	19 f0       	breq	.+6      	; 0x7dc <Endpoint_Write_Control_PStream_LE+0x80>
     7d6:	88 30       	cpi	r24, 0x08	; 8
     7d8:	91 05       	cpc	r25, r1
     7da:	98 f3       	brcs	.-26     	; 0x7c2 <Endpoint_Write_Control_PStream_LE+0x66>
				TEMPLATE_BUFFER_MOVE(DataStream, 1);
				Length--;
				BytesInEndpoint++;
			}

			LastPacketFull = (BytesInEndpoint == USB_Device_ControlEndpointSize);
     7dc:	41 e0       	ldi	r20, 0x01	; 1
     7de:	08 97       	sbiw	r24, 0x08	; 8
     7e0:	09 f0       	breq	.+2      	; 0x7e4 <Endpoint_Write_Control_PStream_LE+0x88>
     7e2:	40 e0       	ldi	r20, 0x00	; 0
			 */
			static inline void Endpoint_ClearIN(void) ATTR_ALWAYS_INLINE;
			static inline void Endpoint_ClearIN(void)
			{
				#if !defined(CONTROL_ONLY_DEVICE)
					UEINTX &= ~((1 << TXINI) | (1 << FIFOCON));
     7e4:	a8 ee       	ldi	r26, 0xE8	; 232
     7e6:	b0 e0       	ldi	r27, 0x00	; 0
     7e8:	8c 91       	ld	r24, X
     7ea:	8e 77       	andi	r24, 0x7E	; 126
     7ec:	8c 93       	st	X, r24
	if (Length > USB_ControlRequest.wLength)
	  Length = USB_ControlRequest.wLength;
	else if (!(Length))
	  Endpoint_ClearIN();

	while (Length || LastPacketFull)
     7ee:	21 15       	cp	r18, r1
     7f0:	31 05       	cpc	r19, r1
     7f2:	51 f6       	brne	.-108    	; 0x788 <Endpoint_Write_Control_PStream_LE+0x2c>
     7f4:	41 11       	cpse	r20, r1
     7f6:	c8 cf       	rjmp	.-112    	; 0x788 <Endpoint_Write_Control_PStream_LE+0x2c>
     7f8:	0a c0       	rjmp	.+20     	; 0x80e <Endpoint_Write_Control_PStream_LE+0xb2>
		}
	}

	while (!(Endpoint_IsOUTReceived()))
	{
		uint8_t USB_DeviceState_LCL = USB_DeviceState;
     7fa:	80 91 1d 09 	lds	r24, 0x091D	; 0x80091d <USB_DeviceState>

		if (USB_DeviceState_LCL == DEVICE_STATE_Unattached)
     7fe:	88 23       	and	r24, r24
     800:	91 f0       	breq	.+36     	; 0x826 <Endpoint_Write_Control_PStream_LE+0xca>
		  return ENDPOINT_RWCSTREAM_DeviceDisconnected;
		else if (USB_DeviceState_LCL == DEVICE_STATE_Suspended)
     802:	85 30       	cpi	r24, 0x05	; 5
     804:	91 f0       	breq	.+36     	; 0x82a <Endpoint_Write_Control_PStream_LE+0xce>
			 *  \return Boolean \c true if the selected endpoint has received a SETUP packet, \c false otherwise.
			 */
			static inline bool Endpoint_IsSETUPReceived(void) ATTR_WARN_UNUSED_RESULT ATTR_ALWAYS_INLINE;
			static inline bool Endpoint_IsSETUPReceived(void)
			{
				return ((UEINTX & (1 << RXSTPI)) ? true : false);
     806:	80 91 e8 00 	lds	r24, 0x00E8	; 0x8000e8 <__TEXT_REGION_LENGTH__+0x7f80e8>
		  return ENDPOINT_RWCSTREAM_BusSuspended;
		else if (Endpoint_IsSETUPReceived())
     80a:	83 fd       	sbrc	r24, 3
     80c:	10 c0       	rjmp	.+32     	; 0x82e <Endpoint_Write_Control_PStream_LE+0xd2>
			 *  \return Boolean \c true if current endpoint is has received an OUT packet, \c false otherwise.
			 */
			static inline bool Endpoint_IsOUTReceived(void) ATTR_WARN_UNUSED_RESULT ATTR_ALWAYS_INLINE;
			static inline bool Endpoint_IsOUTReceived(void)
			{
				return ((UEINTX & (1 << RXOUTI)) ? true : false);
     80e:	80 91 e8 00 	lds	r24, 0x00E8	; 0x8000e8 <__TEXT_REGION_LENGTH__+0x7f80e8>
			LastPacketFull = (BytesInEndpoint == USB_Device_ControlEndpointSize);
			Endpoint_ClearIN();
		}
	}

	while (!(Endpoint_IsOUTReceived()))
     812:	82 ff       	sbrs	r24, 2
     814:	f2 cf       	rjmp	.-28     	; 0x7fa <Endpoint_Write_Control_PStream_LE+0x9e>
		  return ENDPOINT_RWCSTREAM_BusSuspended;
		else if (Endpoint_IsSETUPReceived())
		  return ENDPOINT_RWCSTREAM_HostAborted;
	}

	return ENDPOINT_RWCSTREAM_NoError;
     816:	80 e0       	ldi	r24, 0x00	; 0
     818:	08 95       	ret
	while (Length || LastPacketFull)
	{
		uint8_t USB_DeviceState_LCL = USB_DeviceState;

		if (USB_DeviceState_LCL == DEVICE_STATE_Unattached)
		  return ENDPOINT_RWCSTREAM_DeviceDisconnected;
     81a:	82 e0       	ldi	r24, 0x02	; 2
     81c:	08 95       	ret
		else if (USB_DeviceState_LCL == DEVICE_STATE_Suspended)
		  return ENDPOINT_RWCSTREAM_BusSuspended;
     81e:	83 e0       	ldi	r24, 0x03	; 3
     820:	08 95       	ret
		else if (Endpoint_IsSETUPReceived())
		  return ENDPOINT_RWCSTREAM_HostAborted;
     822:	81 e0       	ldi	r24, 0x01	; 1
     824:	08 95       	ret
	while (!(Endpoint_IsOUTReceived()))
	{
		uint8_t USB_DeviceState_LCL = USB_DeviceState;

		if (USB_DeviceState_LCL == DEVICE_STATE_Unattached)
		  return ENDPOINT_RWCSTREAM_DeviceDisconnected;
     826:	82 e0       	ldi	r24, 0x02	; 2
     828:	08 95       	ret
		else if (USB_DeviceState_LCL == DEVICE_STATE_Suspended)
		  return ENDPOINT_RWCSTREAM_BusSuspended;
     82a:	83 e0       	ldi	r24, 0x03	; 3
     82c:	08 95       	ret
		else if (Endpoint_IsSETUPReceived())
		  return ENDPOINT_RWCSTREAM_HostAborted;
     82e:	81 e0       	ldi	r24, 0x01	; 1
	}

	return ENDPOINT_RWCSTREAM_NoError;
}
     830:	08 95       	ret

00000832 <Endpoint_ConfigureEndpoint_Prv>:
		UEIENX  = 0;
		UEINTX  = 0;
		UECFG1X = 0;
		Endpoint_DisableEndpoint();
	}
}
     832:	98 2f       	mov	r25, r24
     834:	29 c0       	rjmp	.+82     	; 0x888 <Endpoint_ConfigureEndpoint_Prv+0x56>
     836:	29 2f       	mov	r18, r25
     838:	2f 70       	andi	r18, 0x0F	; 15
     83a:	20 93 e9 00 	sts	0x00E9, r18	; 0x8000e9 <__TEXT_REGION_LENGTH__+0x7f80e9>
     83e:	98 17       	cp	r25, r24
     840:	39 f0       	breq	.+14     	; 0x850 <Endpoint_ConfigureEndpoint_Prv+0x1e>
     842:	70 91 ec 00 	lds	r23, 0x00EC	; 0x8000ec <__TEXT_REGION_LENGTH__+0x7f80ec>
     846:	20 91 ed 00 	lds	r18, 0x00ED	; 0x8000ed <__TEXT_REGION_LENGTH__+0x7f80ed>
     84a:	50 91 f0 00 	lds	r21, 0x00F0	; 0x8000f0 <__TEXT_REGION_LENGTH__+0x7f80f0>
     84e:	03 c0       	rjmp	.+6      	; 0x856 <Endpoint_ConfigureEndpoint_Prv+0x24>
     850:	24 2f       	mov	r18, r20
     852:	76 2f       	mov	r23, r22
     854:	50 e0       	ldi	r21, 0x00	; 0
     856:	21 ff       	sbrs	r18, 1
     858:	16 c0       	rjmp	.+44     	; 0x886 <Endpoint_ConfigureEndpoint_Prv+0x54>
     85a:	eb ee       	ldi	r30, 0xEB	; 235
     85c:	f0 e0       	ldi	r31, 0x00	; 0
     85e:	30 81       	ld	r19, Z
     860:	3e 7f       	andi	r19, 0xFE	; 254
     862:	30 83       	st	Z, r19
     864:	ad ee       	ldi	r26, 0xED	; 237
     866:	b0 e0       	ldi	r27, 0x00	; 0
     868:	3c 91       	ld	r19, X
     86a:	3d 7f       	andi	r19, 0xFD	; 253
     86c:	3c 93       	st	X, r19
     86e:	30 81       	ld	r19, Z
     870:	31 60       	ori	r19, 0x01	; 1
     872:	30 83       	st	Z, r19
     874:	70 93 ec 00 	sts	0x00EC, r23	; 0x8000ec <__TEXT_REGION_LENGTH__+0x7f80ec>
     878:	2c 93       	st	X, r18
     87a:	50 93 f0 00 	sts	0x00F0, r21	; 0x8000f0 <__TEXT_REGION_LENGTH__+0x7f80f0>
     87e:	20 91 ee 00 	lds	r18, 0x00EE	; 0x8000ee <__TEXT_REGION_LENGTH__+0x7f80ee>
     882:	22 23       	and	r18, r18
     884:	44 f4       	brge	.+16     	; 0x896 <Endpoint_ConfigureEndpoint_Prv+0x64>
     886:	9f 5f       	subi	r25, 0xFF	; 255
     888:	97 30       	cpi	r25, 0x07	; 7
     88a:	a8 f2       	brcs	.-86     	; 0x836 <Endpoint_ConfigureEndpoint_Prv+0x4>
     88c:	8f 70       	andi	r24, 0x0F	; 15
     88e:	80 93 e9 00 	sts	0x00E9, r24	; 0x8000e9 <__TEXT_REGION_LENGTH__+0x7f80e9>
     892:	81 e0       	ldi	r24, 0x01	; 1
     894:	08 95       	ret
     896:	80 e0       	ldi	r24, 0x00	; 0
     898:	08 95       	ret

0000089a <Endpoint_ConfigureEndpointTable>:
     89a:	0f 93       	push	r16
     89c:	1f 93       	push	r17
     89e:	cf 93       	push	r28
     8a0:	df 93       	push	r29
     8a2:	ec 01       	movw	r28, r24
     8a4:	06 2f       	mov	r16, r22
     8a6:	10 e0       	ldi	r17, 0x00	; 0
     8a8:	37 c0       	rjmp	.+110    	; 0x918 <Endpoint_ConfigureEndpointTable+0x7e>
     8aa:	e1 2f       	mov	r30, r17
     8ac:	f0 e0       	ldi	r31, 0x00	; 0
     8ae:	cf 01       	movw	r24, r30
     8b0:	88 0f       	add	r24, r24
     8b2:	99 1f       	adc	r25, r25
     8b4:	88 0f       	add	r24, r24
     8b6:	99 1f       	adc	r25, r25
     8b8:	e8 0f       	add	r30, r24
     8ba:	f9 1f       	adc	r31, r25
     8bc:	ec 0f       	add	r30, r28
     8be:	fd 1f       	adc	r31, r29
     8c0:	50 81       	ld	r21, Z
     8c2:	55 23       	and	r21, r21
     8c4:	41 f1       	breq	.+80     	; 0x916 <Endpoint_ConfigureEndpointTable+0x7c>
     8c6:	94 81       	ldd	r25, Z+4	; 0x04
     8c8:	a1 81       	ldd	r26, Z+1	; 0x01
     8ca:	b2 81       	ldd	r27, Z+2	; 0x02
     8cc:	63 81       	ldd	r22, Z+3	; 0x03
     8ce:	85 2f       	mov	r24, r21
     8d0:	8f 70       	andi	r24, 0x0F	; 15
     8d2:	87 30       	cpi	r24, 0x07	; 7
     8d4:	e8 f4       	brcc	.+58     	; 0x910 <Endpoint_ConfigureEndpointTable+0x76>
     8d6:	92 30       	cpi	r25, 0x02	; 2
     8d8:	10 f0       	brcs	.+4      	; 0x8de <Endpoint_ConfigureEndpointTable+0x44>
     8da:	46 e0       	ldi	r20, 0x06	; 6
     8dc:	01 c0       	rjmp	.+2      	; 0x8e0 <Endpoint_ConfigureEndpointTable+0x46>
     8de:	42 e0       	ldi	r20, 0x02	; 2
     8e0:	28 e0       	ldi	r18, 0x08	; 8
     8e2:	30 e0       	ldi	r19, 0x00	; 0
     8e4:	90 e0       	ldi	r25, 0x00	; 0
     8e6:	03 c0       	rjmp	.+6      	; 0x8ee <Endpoint_ConfigureEndpointTable+0x54>
     8e8:	9f 5f       	subi	r25, 0xFF	; 255
     8ea:	22 0f       	add	r18, r18
     8ec:	33 1f       	adc	r19, r19
     8ee:	2a 17       	cp	r18, r26
     8f0:	3b 07       	cpc	r19, r27
     8f2:	d0 f3       	brcs	.-12     	; 0x8e8 <Endpoint_ConfigureEndpointTable+0x4e>
     8f4:	92 95       	swap	r25
     8f6:	90 7f       	andi	r25, 0xF0	; 240
     8f8:	20 e4       	ldi	r18, 0x40	; 64
     8fa:	62 9f       	mul	r22, r18
     8fc:	b0 01       	movw	r22, r0
     8fe:	11 24       	eor	r1, r1
     900:	55 1f       	adc	r21, r21
     902:	55 27       	eor	r21, r21
     904:	55 1f       	adc	r21, r21
     906:	49 2b       	or	r20, r25
     908:	65 2b       	or	r22, r21
     90a:	0e 94 19 04 	call	0x832	; 0x832 <Endpoint_ConfigureEndpoint_Prv>
     90e:	01 c0       	rjmp	.+2      	; 0x912 <Endpoint_ConfigureEndpointTable+0x78>
     910:	80 e0       	ldi	r24, 0x00	; 0
     912:	88 23       	and	r24, r24
     914:	21 f0       	breq	.+8      	; 0x91e <Endpoint_ConfigureEndpointTable+0x84>
     916:	1f 5f       	subi	r17, 0xFF	; 255
     918:	10 17       	cp	r17, r16
     91a:	38 f2       	brcs	.-114    	; 0x8aa <Endpoint_ConfigureEndpointTable+0x10>
     91c:	81 e0       	ldi	r24, 0x01	; 1
     91e:	df 91       	pop	r29
     920:	cf 91       	pop	r28
     922:	1f 91       	pop	r17
     924:	0f 91       	pop	r16
     926:	08 95       	ret

00000928 <Endpoint_ClearStatusStage>:

void Endpoint_ClearStatusStage(void)
{
	if (USB_ControlRequest.bmRequestType & REQDIR_DEVICETOHOST)
     928:	80 91 1e 09 	lds	r24, 0x091E	; 0x80091e <USB_ControlRequest>
     92c:	88 23       	and	r24, r24
     92e:	9c f4       	brge	.+38     	; 0x956 <Endpoint_ClearStatusStage+0x2e>
     930:	04 c0       	rjmp	.+8      	; 0x93a <Endpoint_ClearStatusStage+0x12>
	{
		while (!(Endpoint_IsOUTReceived()))
		{
			if (USB_DeviceState == DEVICE_STATE_Unattached)
     932:	80 91 1d 09 	lds	r24, 0x091D	; 0x80091d <USB_DeviceState>
     936:	88 23       	and	r24, r24
     938:	b9 f0       	breq	.+46     	; 0x968 <Endpoint_ClearStatusStage+0x40>
			 *  \return Boolean \c true if current endpoint is has received an OUT packet, \c false otherwise.
			 */
			static inline bool Endpoint_IsOUTReceived(void) ATTR_WARN_UNUSED_RESULT ATTR_ALWAYS_INLINE;
			static inline bool Endpoint_IsOUTReceived(void)
			{
				return ((UEINTX & (1 << RXOUTI)) ? true : false);
     93a:	80 91 e8 00 	lds	r24, 0x00E8	; 0x8000e8 <__TEXT_REGION_LENGTH__+0x7f80e8>

void Endpoint_ClearStatusStage(void)
{
	if (USB_ControlRequest.bmRequestType & REQDIR_DEVICETOHOST)
	{
		while (!(Endpoint_IsOUTReceived()))
     93e:	82 ff       	sbrs	r24, 2
     940:	f8 cf       	rjmp	.-16     	; 0x932 <Endpoint_ClearStatusStage+0xa>
			 */
			static inline void Endpoint_ClearOUT(void) ATTR_ALWAYS_INLINE;
			static inline void Endpoint_ClearOUT(void)
			{
				#if !defined(CONTROL_ONLY_DEVICE)
					UEINTX &= ~((1 << RXOUTI) | (1 << FIFOCON));
     942:	e8 ee       	ldi	r30, 0xE8	; 232
     944:	f0 e0       	ldi	r31, 0x00	; 0
     946:	80 81       	ld	r24, Z
     948:	8b 77       	andi	r24, 0x7B	; 123
     94a:	80 83       	st	Z, r24
     94c:	08 95       	ret
	}
	else
	{
		while (!(Endpoint_IsINReady()))
		{
			if (USB_DeviceState == DEVICE_STATE_Unattached)
     94e:	80 91 1d 09 	lds	r24, 0x091D	; 0x80091d <USB_DeviceState>
     952:	88 23       	and	r24, r24
     954:	49 f0       	breq	.+18     	; 0x968 <Endpoint_ClearStatusStage+0x40>
			 *  \return Boolean \c true if the current endpoint is ready for an IN packet, \c false otherwise.
			 */
			static inline bool Endpoint_IsINReady(void) ATTR_WARN_UNUSED_RESULT ATTR_ALWAYS_INLINE;
			static inline bool Endpoint_IsINReady(void)
			{
				return ((UEINTX & (1 << TXINI)) ? true : false);
     956:	80 91 e8 00 	lds	r24, 0x00E8	; 0x8000e8 <__TEXT_REGION_LENGTH__+0x7f80e8>

		Endpoint_ClearOUT();
	}
	else
	{
		while (!(Endpoint_IsINReady()))
     95a:	80 ff       	sbrs	r24, 0
     95c:	f8 cf       	rjmp	.-16     	; 0x94e <Endpoint_ClearStatusStage+0x26>
			 */
			static inline void Endpoint_ClearIN(void) ATTR_ALWAYS_INLINE;
			static inline void Endpoint_ClearIN(void)
			{
				#if !defined(CONTROL_ONLY_DEVICE)
					UEINTX &= ~((1 << TXINI) | (1 << FIFOCON));
     95e:	e8 ee       	ldi	r30, 0xE8	; 232
     960:	f0 e0       	ldi	r31, 0x00	; 0
     962:	80 81       	ld	r24, Z
     964:	8e 77       	andi	r24, 0x7E	; 126
     966:	80 83       	st	Z, r24
     968:	08 95       	ret

0000096a <Endpoint_WaitUntilReady>:
			 *  \return Current USB frame number from the USB controller.
			 */
			static inline uint16_t USB_Device_GetFrameNumber(void) ATTR_ALWAYS_INLINE ATTR_WARN_UNUSED_RESULT;
			static inline uint16_t USB_Device_GetFrameNumber(void)
			{
				return UDFNUM;
     96a:	20 91 e4 00 	lds	r18, 0x00E4	; 0x8000e4 <__TEXT_REGION_LENGTH__+0x7f80e4>
     96e:	30 91 e5 00 	lds	r19, 0x00E5	; 0x8000e5 <__TEXT_REGION_LENGTH__+0x7f80e5>

#if !defined(CONTROL_ONLY_DEVICE)
uint8_t Endpoint_WaitUntilReady(void)
{
	#if (USB_STREAM_TIMEOUT_MS < 0xFF)
	uint8_t  TimeoutMSRem = USB_STREAM_TIMEOUT_MS;
     972:	44 e6       	ldi	r20, 0x64	; 100
     974:	02 c0       	rjmp	.+4      	; 0x97a <Endpoint_WaitUntilReady+0x10>

		uint16_t CurrentFrameNumber = USB_Device_GetFrameNumber();

		if (CurrentFrameNumber != PreviousFrameNumber)
		{
			PreviousFrameNumber = CurrentFrameNumber;
     976:	9c 01       	movw	r18, r24

			if (!(TimeoutMSRem--))
     978:	45 2f       	mov	r20, r21
			 *  \return The currently selected endpoint's direction, as a \c ENDPOINT_DIR_* mask.
			 */
			static inline uint8_t Endpoint_GetEndpointDirection(void) ATTR_WARN_UNUSED_RESULT ATTR_ALWAYS_INLINE;
			static inline uint8_t Endpoint_GetEndpointDirection(void)
			{
				return (UECFG0X & (1 << EPDIR)) ? ENDPOINT_DIR_IN : ENDPOINT_DIR_OUT;
     97a:	80 91 ec 00 	lds	r24, 0x00EC	; 0x8000ec <__TEXT_REGION_LENGTH__+0x7f80ec>
     97e:	98 2f       	mov	r25, r24
     980:	91 70       	andi	r25, 0x01	; 1
     982:	80 fd       	sbrc	r24, 0
     984:	90 e8       	ldi	r25, 0x80	; 128

	uint16_t PreviousFrameNumber = USB_Device_GetFrameNumber();

	for (;;)
	{
		if (Endpoint_GetEndpointDirection() == ENDPOINT_DIR_IN)
     986:	90 38       	cpi	r25, 0x80	; 128
     988:	29 f4       	brne	.+10     	; 0x994 <Endpoint_WaitUntilReady+0x2a>
			 *  \return Boolean \c true if the current endpoint is ready for an IN packet, \c false otherwise.
			 */
			static inline bool Endpoint_IsINReady(void) ATTR_WARN_UNUSED_RESULT ATTR_ALWAYS_INLINE;
			static inline bool Endpoint_IsINReady(void)
			{
				return ((UEINTX & (1 << TXINI)) ? true : false);
     98a:	80 91 e8 00 	lds	r24, 0x00E8	; 0x8000e8 <__TEXT_REGION_LENGTH__+0x7f80e8>
		{
			if (Endpoint_IsINReady())
     98e:	80 ff       	sbrs	r24, 0
     990:	05 c0       	rjmp	.+10     	; 0x99c <Endpoint_WaitUntilReady+0x32>
     992:	1b c0       	rjmp	.+54     	; 0x9ca <Endpoint_WaitUntilReady+0x60>
			 *  \return Boolean \c true if current endpoint is has received an OUT packet, \c false otherwise.
			 */
			static inline bool Endpoint_IsOUTReceived(void) ATTR_WARN_UNUSED_RESULT ATTR_ALWAYS_INLINE;
			static inline bool Endpoint_IsOUTReceived(void)
			{
				return ((UEINTX & (1 << RXOUTI)) ? true : false);
     994:	80 91 e8 00 	lds	r24, 0x00E8	; 0x8000e8 <__TEXT_REGION_LENGTH__+0x7f80e8>
			  return ENDPOINT_READYWAIT_NoError;
		}
		else
		{
			if (Endpoint_IsOUTReceived())
     998:	82 fd       	sbrc	r24, 2
     99a:	19 c0       	rjmp	.+50     	; 0x9ce <Endpoint_WaitUntilReady+0x64>
			  return ENDPOINT_READYWAIT_NoError;
		}

		uint8_t USB_DeviceState_LCL = USB_DeviceState;
     99c:	80 91 1d 09 	lds	r24, 0x091D	; 0x80091d <USB_DeviceState>

		if (USB_DeviceState_LCL == DEVICE_STATE_Unattached)
     9a0:	88 23       	and	r24, r24
     9a2:	b9 f0       	breq	.+46     	; 0x9d2 <Endpoint_WaitUntilReady+0x68>
		  return ENDPOINT_READYWAIT_DeviceDisconnected;
		else if (USB_DeviceState_LCL == DEVICE_STATE_Suspended)
     9a4:	85 30       	cpi	r24, 0x05	; 5
     9a6:	b9 f0       	breq	.+46     	; 0x9d6 <Endpoint_WaitUntilReady+0x6c>
			 *  \return Boolean \c true if the currently selected endpoint is stalled, \c false otherwise.
			 */
			static inline bool Endpoint_IsStalled(void) ATTR_WARN_UNUSED_RESULT ATTR_ALWAYS_INLINE;
			static inline bool Endpoint_IsStalled(void)
			{
				return ((UECONX & (1 << STALLRQ)) ? true : false);
     9a8:	80 91 eb 00 	lds	r24, 0x00EB	; 0x8000eb <__TEXT_REGION_LENGTH__+0x7f80eb>
		  return ENDPOINT_READYWAIT_BusSuspended;
		else if (Endpoint_IsStalled())
     9ac:	85 fd       	sbrc	r24, 5
     9ae:	15 c0       	rjmp	.+42     	; 0x9da <Endpoint_WaitUntilReady+0x70>
     9b0:	80 91 e4 00 	lds	r24, 0x00E4	; 0x8000e4 <__TEXT_REGION_LENGTH__+0x7f80e4>
     9b4:	90 91 e5 00 	lds	r25, 0x00E5	; 0x8000e5 <__TEXT_REGION_LENGTH__+0x7f80e5>
		  return ENDPOINT_READYWAIT_EndpointStalled;

		uint16_t CurrentFrameNumber = USB_Device_GetFrameNumber();

		if (CurrentFrameNumber != PreviousFrameNumber)
     9b8:	28 17       	cp	r18, r24
     9ba:	39 07       	cpc	r19, r25
     9bc:	f1 f2       	breq	.-68     	; 0x97a <Endpoint_WaitUntilReady+0x10>
		{
			PreviousFrameNumber = CurrentFrameNumber;

			if (!(TimeoutMSRem--))
     9be:	5f ef       	ldi	r21, 0xFF	; 255
     9c0:	54 0f       	add	r21, r20
     9c2:	41 11       	cpse	r20, r1
     9c4:	d8 cf       	rjmp	.-80     	; 0x976 <Endpoint_WaitUntilReady+0xc>
			  return ENDPOINT_READYWAIT_Timeout;
     9c6:	84 e0       	ldi	r24, 0x04	; 4
     9c8:	08 95       	ret
	for (;;)
	{
		if (Endpoint_GetEndpointDirection() == ENDPOINT_DIR_IN)
		{
			if (Endpoint_IsINReady())
			  return ENDPOINT_READYWAIT_NoError;
     9ca:	80 e0       	ldi	r24, 0x00	; 0
     9cc:	08 95       	ret
		}
		else
		{
			if (Endpoint_IsOUTReceived())
			  return ENDPOINT_READYWAIT_NoError;
     9ce:	80 e0       	ldi	r24, 0x00	; 0
     9d0:	08 95       	ret
		}

		uint8_t USB_DeviceState_LCL = USB_DeviceState;

		if (USB_DeviceState_LCL == DEVICE_STATE_Unattached)
		  return ENDPOINT_READYWAIT_DeviceDisconnected;
     9d2:	82 e0       	ldi	r24, 0x02	; 2
     9d4:	08 95       	ret
		else if (USB_DeviceState_LCL == DEVICE_STATE_Suspended)
		  return ENDPOINT_READYWAIT_BusSuspended;
     9d6:	83 e0       	ldi	r24, 0x03	; 3
     9d8:	08 95       	ret
		else if (Endpoint_IsStalled())
		  return ENDPOINT_READYWAIT_EndpointStalled;
     9da:	81 e0       	ldi	r24, 0x01	; 1

			if (!(TimeoutMSRem--))
			  return ENDPOINT_READYWAIT_Timeout;
		}
	}
}
     9dc:	08 95       	ret

000009de <USB_Init_Device>:

	#if defined(USB_CAN_BE_BOTH)
	USB_CurrentMode = USB_MODE_None;
	#endif

	USB_IsInitialized = false;
     9de:	cf 93       	push	r28
     9e0:	df 93       	push	r29
     9e2:	10 92 1d 09 	sts	0x091D, r1	; 0x80091d <USB_DeviceState>
     9e6:	10 92 19 09 	sts	0x0919, r1	; 0x800919 <USB_Device_ConfigurationNumber>
     9ea:	10 92 1b 09 	sts	0x091B, r1	; 0x80091b <USB_Device_RemoteWakeupEnabled>
     9ee:	10 92 1a 09 	sts	0x091A, r1	; 0x80091a <USB_Device_CurrentlySelfPowered>
     9f2:	c0 ee       	ldi	r28, 0xE0	; 224
     9f4:	d0 e0       	ldi	r29, 0x00	; 0
     9f6:	88 81       	ld	r24, Y
     9f8:	8b 7f       	andi	r24, 0xFB	; 251
     9fa:	88 83       	st	Y, r24
     9fc:	e8 ed       	ldi	r30, 0xD8	; 216
     9fe:	f0 e0       	ldi	r31, 0x00	; 0
     a00:	80 81       	ld	r24, Z
     a02:	81 60       	ori	r24, 0x01	; 1
     a04:	80 83       	st	Z, r24
     a06:	42 e0       	ldi	r20, 0x02	; 2
     a08:	60 e0       	ldi	r22, 0x00	; 0
     a0a:	80 e0       	ldi	r24, 0x00	; 0
     a0c:	0e 94 19 04 	call	0x832	; 0x832 <Endpoint_ConfigureEndpoint_Prv>
     a10:	e1 ee       	ldi	r30, 0xE1	; 225
     a12:	f0 e0       	ldi	r31, 0x00	; 0
     a14:	80 81       	ld	r24, Z
     a16:	8e 7f       	andi	r24, 0xFE	; 254
     a18:	80 83       	st	Z, r24
     a1a:	e2 ee       	ldi	r30, 0xE2	; 226
     a1c:	f0 e0       	ldi	r31, 0x00	; 0
     a1e:	80 81       	ld	r24, Z
     a20:	81 60       	ori	r24, 0x01	; 1
     a22:	80 83       	st	Z, r24
     a24:	80 81       	ld	r24, Z
     a26:	88 60       	ori	r24, 0x08	; 8
     a28:	80 83       	st	Z, r24
     a2a:	88 81       	ld	r24, Y
     a2c:	8e 7f       	andi	r24, 0xFE	; 254
     a2e:	88 83       	st	Y, r24
     a30:	df 91       	pop	r29
     a32:	cf 91       	pop	r28
     a34:	08 95       	ret

00000a36 <USB_ResetInterface>:
}

void USB_ResetInterface(void)
{
     a36:	cf 93       	push	r28
     a38:	df 93       	push	r29
	#if defined(USB_CAN_BE_BOTH)
	bool UIDModeSelectEnabled = ((UHWCON & (1 << UIDE)) != 0);
	#endif

	USB_INT_DisableAllInterrupts();
     a3a:	0e 94 47 05 	call	0xa8e	; 0xa8e <USB_INT_DisableAllInterrupts>
	USB_INT_ClearAllInterrupts();
     a3e:	0e 94 4f 05 	call	0xa9e	; 0xa9e <USB_INT_ClearAllInterrupts>
			}

			static inline void USB_Controller_Reset(void) ATTR_ALWAYS_INLINE;
			static inline void USB_Controller_Reset(void)
			{
				USBCON &= ~(1 << USBE);
     a42:	c8 ed       	ldi	r28, 0xD8	; 216
     a44:	d0 e0       	ldi	r29, 0x00	; 0
     a46:	88 81       	ld	r24, Y
     a48:	8f 77       	andi	r24, 0x7F	; 127
     a4a:	88 83       	st	Y, r24
				USBCON |=  (1 << USBE);
     a4c:	88 81       	ld	r24, Y
     a4e:	80 68       	ori	r24, 0x80	; 128
     a50:	88 83       	st	Y, r24
			}

			static inline void USB_CLK_Unfreeze(void) ATTR_ALWAYS_INLINE;
			static inline void USB_CLK_Unfreeze(void)
			{
				USBCON &= ~(1 << FRZCLK);
     a52:	88 81       	ld	r24, Y
     a54:	8f 7d       	andi	r24, 0xDF	; 223
     a56:	88 83       	st	Y, r24
			}

			static inline void USB_PLL_Off(void) ATTR_ALWAYS_INLINE;
			static inline void USB_PLL_Off(void)
			{
				PLLCSR = 0;
     a58:	19 bc       	out	0x29, r1	; 41
			#else
			USB_PLL_Off();
			#endif
		}

		USB_Init_Device();
     a5a:	0e 94 ef 04 	call	0x9de	; 0x9de <USB_Init_Device>

			#if defined(USB_SERIES_4_AVR) || defined(USB_SERIES_6_AVR) || defined(USB_SERIES_7_AVR)
			static inline void USB_OTGPAD_On(void) ATTR_ALWAYS_INLINE;
			static inline void USB_OTGPAD_On(void)
			{
				USBCON |=  (1 << OTGPADE);
     a5e:	88 81       	ld	r24, Y
     a60:	80 61       	ori	r24, 0x10	; 16
     a62:	88 83       	st	Y, r24
	}

	#if (defined(USB_SERIES_4_AVR) || defined(USB_SERIES_6_AVR) || defined(USB_SERIES_7_AVR))
	USB_OTGPAD_On();
	#endif
}
     a64:	df 91       	pop	r29
     a66:	cf 91       	pop	r28
     a68:	08 95       	ret

00000a6a <USB_Init>:
			}

			static inline void USB_OTGPAD_Off(void) ATTR_ALWAYS_INLINE;
			static inline void USB_OTGPAD_Off(void)
			{
				USBCON &= ~(1 << OTGPADE);
     a6a:	e8 ed       	ldi	r30, 0xD8	; 216
     a6c:	f0 e0       	ldi	r31, 0x00	; 0
     a6e:	80 81       	ld	r24, Z
     a70:	8f 7e       	andi	r24, 0xEF	; 239
     a72:	80 83       	st	Z, r24

			static inline void USB_REG_On(void) ATTR_ALWAYS_INLINE;
			static inline void USB_REG_On(void)
			{
			#if defined(USB_SERIES_4_AVR) || defined(USB_SERIES_6_AVR) || defined(USB_SERIES_7_AVR)
				UHWCON |=  (1 << UVREGE);
     a74:	e7 ed       	ldi	r30, 0xD7	; 215
     a76:	f0 e0       	ldi	r31, 0x00	; 0
     a78:	80 81       	ld	r24, Z
     a7a:	81 60       	ori	r24, 0x01	; 1
     a7c:	80 83       	st	Z, r24
	  USB_REG_Off();

	if (!(USB_Options & USB_OPT_MANUAL_PLL))
	{
		#if defined(USB_SERIES_4_AVR)
		PLLFRQ = (1 << PDIV2);
     a7e:	84 e0       	ldi	r24, 0x04	; 4
     a80:	82 bf       	out	0x32, r24	; 50
		UHWCON &= ~(1 << UIDE);
		USB_CurrentMode = Mode;
	}
	#endif

	USB_IsInitialized = true;
     a82:	81 e0       	ldi	r24, 0x01	; 1
     a84:	80 93 1c 09 	sts	0x091C, r24	; 0x80091c <USB_IsInitialized>

	USB_ResetInterface();
     a88:	0e 94 1b 05 	call	0xa36	; 0xa36 <USB_ResetInterface>
     a8c:	08 95       	ret

00000a8e <USB_INT_DisableAllInterrupts>:
void USB_INT_DisableAllInterrupts(void)
{
	#if defined(USB_SERIES_6_AVR) || defined(USB_SERIES_7_AVR)
	USBCON &= ~((1 << VBUSTE) | (1 << IDTE));
	#elif defined(USB_SERIES_4_AVR)
	USBCON &= ~(1 << VBUSTE);
     a8e:	e8 ed       	ldi	r30, 0xD8	; 216
     a90:	f0 e0       	ldi	r31, 0x00	; 0
     a92:	80 81       	ld	r24, Z
     a94:	8e 7f       	andi	r24, 0xFE	; 254
     a96:	80 83       	st	Z, r24
	#if defined(USB_CAN_BE_HOST)
	UHIEN   = 0;
	#endif

	#if defined(USB_CAN_BE_DEVICE)
	UDIEN   = 0;
     a98:	10 92 e2 00 	sts	0x00E2, r1	; 0x8000e2 <__TEXT_REGION_LENGTH__+0x7f80e2>
     a9c:	08 95       	ret

00000a9e <USB_INT_ClearAllInterrupts>:
}

void USB_INT_ClearAllInterrupts(void)
{
	#if defined(USB_SERIES_4_AVR) || defined(USB_SERIES_6_AVR) || defined(USB_SERIES_7_AVR)
	USBINT = 0;
     a9e:	10 92 da 00 	sts	0x00DA, r1	; 0x8000da <__TEXT_REGION_LENGTH__+0x7f80da>
	#if defined(USB_CAN_BE_HOST)
	UHINT  = 0;
	#endif

	#if defined(USB_CAN_BE_DEVICE)
	UDINT  = 0;
     aa2:	10 92 e1 00 	sts	0x00E1, r1	; 0x8000e1 <__TEXT_REGION_LENGTH__+0x7f80e1>
     aa6:	08 95       	ret

00000aa8 <__vector_10>:
	#endif
}

ISR(USB_GEN_vect, ISR_BLOCK)
{
     aa8:	1f 92       	push	r1
     aaa:	0f 92       	push	r0
     aac:	0f b6       	in	r0, 0x3f	; 63
     aae:	0f 92       	push	r0
     ab0:	11 24       	eor	r1, r1
     ab2:	2f 93       	push	r18
     ab4:	3f 93       	push	r19
     ab6:	4f 93       	push	r20
     ab8:	5f 93       	push	r21
     aba:	6f 93       	push	r22
     abc:	7f 93       	push	r23
     abe:	8f 93       	push	r24
     ac0:	9f 93       	push	r25
     ac2:	af 93       	push	r26
     ac4:	bf 93       	push	r27
     ac6:	ef 93       	push	r30
     ac8:	ff 93       	push	r31
					case USB_INT_SUSPI:
						return (UDINT  & (1 << SUSPI));
					case USB_INT_EORSTI:
						return (UDINT  & (1 << EORSTI));
					case USB_INT_SOFI:
						return (UDINT  & (1 << SOFI));
     aca:	80 91 e1 00 	lds	r24, 0x00E1	; 0x8000e1 <__TEXT_REGION_LENGTH__+0x7f80e1>
	#if defined(USB_CAN_BE_DEVICE)
	#if !defined(NO_SOF_EVENTS)
	if (USB_INT_HasOccurred(USB_INT_SOFI) && USB_INT_IsEnabled(USB_INT_SOFI))
     ace:	82 ff       	sbrs	r24, 2
     ad0:	0b c0       	rjmp	.+22     	; 0xae8 <__vector_10+0x40>
					case USB_INT_SUSPI:
						return (UDIEN  & (1 << SUSPE));
					case USB_INT_EORSTI:
						return (UDIEN  & (1 << EORSTE));
					case USB_INT_SOFI:
						return (UDIEN  & (1 << SOFE));
     ad2:	80 91 e2 00 	lds	r24, 0x00E2	; 0x8000e2 <__TEXT_REGION_LENGTH__+0x7f80e2>
     ad6:	82 ff       	sbrs	r24, 2
     ad8:	07 c0       	rjmp	.+14     	; 0xae8 <__vector_10+0x40>
						break;
					case USB_INT_EORSTI:
						UDINT  &= ~(1 << EORSTI);
						break;
					case USB_INT_SOFI:
						UDINT  &= ~(1 << SOFI);
     ada:	e1 ee       	ldi	r30, 0xE1	; 225
     adc:	f0 e0       	ldi	r31, 0x00	; 0
     ade:	80 81       	ld	r24, Z
     ae0:	8b 7f       	andi	r24, 0xFB	; 251
     ae2:	80 83       	st	Z, r24
	{
		USB_INT_Clear(USB_INT_SOFI);

		EVENT_USB_Device_StartOfFrame();
     ae4:	0e 94 9a 01 	call	0x334	; 0x334 <EVENT_USB_Device_StartOfFrame>
			{
				switch (Interrupt)
				{
					#if (defined(USB_SERIES_4_AVR) || defined(USB_SERIES_6_AVR) || defined(USB_SERIES_7_AVR))
					case USB_INT_VBUSTI:
						return (USBINT & (1 << VBUSTI));
     ae8:	80 91 da 00 	lds	r24, 0x00DA	; 0x8000da <__TEXT_REGION_LENGTH__+0x7f80da>
	}
	#endif

	#if defined(USB_SERIES_4_AVR) || defined(USB_SERIES_6_AVR) || defined(USB_SERIES_7_AVR)
	if (USB_INT_HasOccurred(USB_INT_VBUSTI) && USB_INT_IsEnabled(USB_INT_VBUSTI))
     aec:	80 ff       	sbrs	r24, 0
     aee:	1f c0       	rjmp	.+62     	; 0xb2e <__stack+0x2f>
			{
				switch (Interrupt)
				{
					#if (defined(USB_SERIES_4_AVR) || defined(USB_SERIES_6_AVR) || defined(USB_SERIES_7_AVR))
					case USB_INT_VBUSTI:
						return (USBCON & (1 << VBUSTE));
     af0:	80 91 d8 00 	lds	r24, 0x00D8	; 0x8000d8 <__TEXT_REGION_LENGTH__+0x7f80d8>
     af4:	80 ff       	sbrs	r24, 0
     af6:	1b c0       	rjmp	.+54     	; 0xb2e <__stack+0x2f>
			{
				switch (Interrupt)
				{
					#if (defined(USB_SERIES_4_AVR) || defined(USB_SERIES_6_AVR) || defined(USB_SERIES_7_AVR))
					case USB_INT_VBUSTI:
						USBINT &= ~(1 << VBUSTI);
     af8:	ea ed       	ldi	r30, 0xDA	; 218
     afa:	f0 e0       	ldi	r31, 0x00	; 0
     afc:	80 81       	ld	r24, Z
     afe:	8e 7f       	andi	r24, 0xFE	; 254
     b00:	80 83       	st	Z, r24
				 *  \return Boolean \c true if the VBUS line is currently detecting power from a host, \c false otherwise.
				 */
				static inline bool USB_VBUS_GetStatus(void) ATTR_WARN_UNUSED_RESULT ATTR_ALWAYS_INLINE;
				static inline bool USB_VBUS_GetStatus(void)
				{
					return ((USBSTA & (1 << VBUS)) ? true : false);
     b02:	80 91 d9 00 	lds	r24, 0x00D9	; 0x8000d9 <__TEXT_REGION_LENGTH__+0x7f80d9>
	{
		USB_INT_Clear(USB_INT_VBUSTI);

		if (USB_VBUS_GetStatus())
     b06:	80 ff       	sbrs	r24, 0
     b08:	0d c0       	rjmp	.+26     	; 0xb24 <__stack+0x25>

		/* Inline Functions: */
			static inline void USB_PLL_On(void) ATTR_ALWAYS_INLINE;
			static inline void USB_PLL_On(void)
			{
				PLLCSR = USB_PLL_PSC;
     b0a:	80 e1       	ldi	r24, 0x10	; 16
     b0c:	89 bd       	out	0x29, r24	; 41
				PLLCSR = (USB_PLL_PSC | (1 << PLLE));
     b0e:	82 e1       	ldi	r24, 0x12	; 18
     b10:	89 bd       	out	0x29, r24	; 41
		{
			if (!(USB_Options & USB_OPT_MANUAL_PLL))
			{
				USB_PLL_On();
				while (!(USB_PLL_IsReady()));
     b12:	09 b4       	in	r0, 0x29	; 41
     b14:	00 fe       	sbrs	r0, 0
     b16:	fd cf       	rjmp	.-6      	; 0xb12 <__stack+0x13>
			}

			USB_DeviceState = DEVICE_STATE_Powered;
     b18:	81 e0       	ldi	r24, 0x01	; 1
     b1a:	80 93 1d 09 	sts	0x091D, r24	; 0x80091d <USB_DeviceState>
			EVENT_USB_Device_Connect();
     b1e:	0e 94 89 01 	call	0x312	; 0x312 <EVENT_USB_Device_Connect>
     b22:	05 c0       	rjmp	.+10     	; 0xb2e <__stack+0x2f>
			}

			static inline void USB_PLL_Off(void) ATTR_ALWAYS_INLINE;
			static inline void USB_PLL_Off(void)
			{
				PLLCSR = 0;
     b24:	19 bc       	out	0x29, r1	; 41
		else
		{
			if (!(USB_Options & USB_OPT_MANUAL_PLL))
			  USB_PLL_Off();

			USB_DeviceState = DEVICE_STATE_Unattached;
     b26:	10 92 1d 09 	sts	0x091D, r1	; 0x80091d <USB_DeviceState>
			EVENT_USB_Device_Disconnect();
     b2a:	0e 94 8a 01 	call	0x314	; 0x314 <EVENT_USB_Device_Disconnect>
					#endif
					#if defined(USB_CAN_BE_DEVICE)
					case USB_INT_WAKEUPI:
						return (UDINT  & (1 << WAKEUPI));
					case USB_INT_SUSPI:
						return (UDINT  & (1 << SUSPI));
     b2e:	80 91 e1 00 	lds	r24, 0x00E1	; 0x8000e1 <__TEXT_REGION_LENGTH__+0x7f80e1>
		}
	}
	#endif

	if (USB_INT_HasOccurred(USB_INT_SUSPI) && USB_INT_IsEnabled(USB_INT_SUSPI))
     b32:	80 ff       	sbrs	r24, 0
     b34:	17 c0       	rjmp	.+46     	; 0xb64 <__stack+0x65>
					#endif
					#if defined(USB_CAN_BE_DEVICE)
					case USB_INT_WAKEUPI:
						return (UDIEN  & (1 << WAKEUPE));
					case USB_INT_SUSPI:
						return (UDIEN  & (1 << SUSPE));
     b36:	80 91 e2 00 	lds	r24, 0x00E2	; 0x8000e2 <__TEXT_REGION_LENGTH__+0x7f80e2>
     b3a:	80 ff       	sbrs	r24, 0
     b3c:	13 c0       	rjmp	.+38     	; 0xb64 <__stack+0x65>
					#if defined(USB_CAN_BE_DEVICE)
					case USB_INT_WAKEUPI:
						UDIEN  &= ~(1 << WAKEUPE);
						break;
					case USB_INT_SUSPI:
						UDIEN  &= ~(1 << SUSPE);
     b3e:	e2 ee       	ldi	r30, 0xE2	; 226
     b40:	f0 e0       	ldi	r31, 0x00	; 0
     b42:	80 81       	ld	r24, Z
     b44:	8e 7f       	andi	r24, 0xFE	; 254
     b46:	80 83       	st	Z, r24
						USBCON |= (1 << IDTE);
						break;
					#endif
					#if defined(USB_CAN_BE_DEVICE)
					case USB_INT_WAKEUPI:
						UDIEN  |= (1 << WAKEUPE);
     b48:	80 81       	ld	r24, Z
     b4a:	80 61       	ori	r24, 0x10	; 16
     b4c:	80 83       	st	Z, r24
			#endif

			static inline void USB_CLK_Freeze(void) ATTR_ALWAYS_INLINE;
			static inline void USB_CLK_Freeze(void)
			{
				USBCON |=  (1 << FRZCLK);
     b4e:	e8 ed       	ldi	r30, 0xD8	; 216
     b50:	f0 e0       	ldi	r31, 0x00	; 0
     b52:	80 81       	ld	r24, Z
     b54:	80 62       	ori	r24, 0x20	; 32
     b56:	80 83       	st	Z, r24
			}

			static inline void USB_PLL_Off(void) ATTR_ALWAYS_INLINE;
			static inline void USB_PLL_Off(void)
			{
				PLLCSR = 0;
     b58:	19 bc       	out	0x29, r1	; 41

		#if defined(USB_SERIES_2_AVR) && !defined(NO_LIMITED_CONTROLLER_CONNECT)
		USB_DeviceState = DEVICE_STATE_Unattached;
		EVENT_USB_Device_Disconnect();
		#else
		USB_DeviceState = DEVICE_STATE_Suspended;
     b5a:	85 e0       	ldi	r24, 0x05	; 5
     b5c:	80 93 1d 09 	sts	0x091D, r24	; 0x80091d <USB_DeviceState>
		EVENT_USB_Device_Suspend();
     b60:	0e 94 c7 07 	call	0xf8e	; 0xf8e <USB_Event_Stub>
					case USB_INT_IDTI:
						return (USBINT & (1 << IDTI));
					#endif
					#if defined(USB_CAN_BE_DEVICE)
					case USB_INT_WAKEUPI:
						return (UDINT  & (1 << WAKEUPI));
     b64:	80 91 e1 00 	lds	r24, 0x00E1	; 0x8000e1 <__TEXT_REGION_LENGTH__+0x7f80e1>
		#endif
	}

	if (USB_INT_HasOccurred(USB_INT_WAKEUPI) && USB_INT_IsEnabled(USB_INT_WAKEUPI))
     b68:	84 ff       	sbrs	r24, 4
     b6a:	30 c0       	rjmp	.+96     	; 0xbcc <__stack+0xcd>
					case USB_INT_IDTI:
						return (USBCON & (1 << IDTE));
					#endif
					#if defined(USB_CAN_BE_DEVICE)
					case USB_INT_WAKEUPI:
						return (UDIEN  & (1 << WAKEUPE));
     b6c:	80 91 e2 00 	lds	r24, 0x00E2	; 0x8000e2 <__TEXT_REGION_LENGTH__+0x7f80e2>
     b70:	84 ff       	sbrs	r24, 4
     b72:	2c c0       	rjmp	.+88     	; 0xbcc <__stack+0xcd>

		/* Inline Functions: */
			static inline void USB_PLL_On(void) ATTR_ALWAYS_INLINE;
			static inline void USB_PLL_On(void)
			{
				PLLCSR = USB_PLL_PSC;
     b74:	80 e1       	ldi	r24, 0x10	; 16
     b76:	89 bd       	out	0x29, r24	; 41
				PLLCSR = (USB_PLL_PSC | (1 << PLLE));
     b78:	82 e1       	ldi	r24, 0x12	; 18
     b7a:	89 bd       	out	0x29, r24	; 41
	{
		if (!(USB_Options & USB_OPT_MANUAL_PLL))
		{
			USB_PLL_On();
			while (!(USB_PLL_IsReady()));
     b7c:	09 b4       	in	r0, 0x29	; 41
     b7e:	00 fe       	sbrs	r0, 0
     b80:	fd cf       	rjmp	.-6      	; 0xb7c <__stack+0x7d>
			}

			static inline void USB_CLK_Unfreeze(void) ATTR_ALWAYS_INLINE;
			static inline void USB_CLK_Unfreeze(void)
			{
				USBCON &= ~(1 << FRZCLK);
     b82:	e8 ed       	ldi	r30, 0xD8	; 216
     b84:	f0 e0       	ldi	r31, 0x00	; 0
     b86:	80 81       	ld	r24, Z
     b88:	8f 7d       	andi	r24, 0xDF	; 223
     b8a:	80 83       	st	Z, r24
						USBINT &= ~(1 << IDTI);
						break;
					#endif
					#if defined(USB_CAN_BE_DEVICE)
					case USB_INT_WAKEUPI:
						UDINT  &= ~(1 << WAKEUPI);
     b8c:	e1 ee       	ldi	r30, 0xE1	; 225
     b8e:	f0 e0       	ldi	r31, 0x00	; 0
     b90:	80 81       	ld	r24, Z
     b92:	8f 7e       	andi	r24, 0xEF	; 239
     b94:	80 83       	st	Z, r24
						USBCON &= ~(1 << IDTE);
						break;
					#endif
					#if defined(USB_CAN_BE_DEVICE)
					case USB_INT_WAKEUPI:
						UDIEN  &= ~(1 << WAKEUPE);
     b96:	e2 ee       	ldi	r30, 0xE2	; 226
     b98:	f0 e0       	ldi	r31, 0x00	; 0
     b9a:	80 81       	ld	r24, Z
     b9c:	8f 7e       	andi	r24, 0xEF	; 239
     b9e:	80 83       	st	Z, r24
					#if defined(USB_CAN_BE_DEVICE)
					case USB_INT_WAKEUPI:
						UDIEN  |= (1 << WAKEUPE);
						break;
					case USB_INT_SUSPI:
						UDIEN  |= (1 << SUSPE);
     ba0:	80 81       	ld	r24, Z
     ba2:	81 60       	ori	r24, 0x01	; 1
     ba4:	80 83       	st	Z, r24
		USB_INT_Clear(USB_INT_WAKEUPI);

		USB_INT_Disable(USB_INT_WAKEUPI);
		USB_INT_Enable(USB_INT_SUSPI);

		if (USB_Device_ConfigurationNumber)
     ba6:	80 91 19 09 	lds	r24, 0x0919	; 0x800919 <USB_Device_ConfigurationNumber>
     baa:	88 23       	and	r24, r24
     bac:	21 f0       	breq	.+8      	; 0xbb6 <__stack+0xb7>
		  USB_DeviceState = DEVICE_STATE_Configured;
     bae:	84 e0       	ldi	r24, 0x04	; 4
     bb0:	80 93 1d 09 	sts	0x091D, r24	; 0x80091d <USB_DeviceState>
     bb4:	09 c0       	rjmp	.+18     	; 0xbc8 <__stack+0xc9>
			}

			static inline bool USB_Device_IsAddressSet(void) ATTR_ALWAYS_INLINE ATTR_WARN_UNUSED_RESULT;
			static inline bool USB_Device_IsAddressSet(void)
			{
				return (UDADDR & (1 << ADDEN));
     bb6:	80 91 e3 00 	lds	r24, 0x00E3	; 0x8000e3 <__TEXT_REGION_LENGTH__+0x7f80e3>
		else
		  USB_DeviceState = (USB_Device_IsAddressSet()) ? DEVICE_STATE_Addressed : DEVICE_STATE_Powered;
     bba:	88 23       	and	r24, r24
     bbc:	14 f4       	brge	.+4      	; 0xbc2 <__stack+0xc3>
     bbe:	83 e0       	ldi	r24, 0x03	; 3
     bc0:	01 c0       	rjmp	.+2      	; 0xbc4 <__stack+0xc5>
     bc2:	81 e0       	ldi	r24, 0x01	; 1
     bc4:	80 93 1d 09 	sts	0x091D, r24	; 0x80091d <USB_DeviceState>

		#if defined(USB_SERIES_2_AVR) && !defined(NO_LIMITED_CONTROLLER_CONNECT)
		EVENT_USB_Device_Connect();
		#else
		EVENT_USB_Device_WakeUp();
     bc8:	0e 94 c7 07 	call	0xf8e	; 0xf8e <USB_Event_Stub>
					case USB_INT_WAKEUPI:
						return (UDINT  & (1 << WAKEUPI));
					case USB_INT_SUSPI:
						return (UDINT  & (1 << SUSPI));
					case USB_INT_EORSTI:
						return (UDINT  & (1 << EORSTI));
     bcc:	80 91 e1 00 	lds	r24, 0x00E1	; 0x8000e1 <__TEXT_REGION_LENGTH__+0x7f80e1>
		#endif
	}

	if (USB_INT_HasOccurred(USB_INT_EORSTI) && USB_INT_IsEnabled(USB_INT_EORSTI))
     bd0:	83 ff       	sbrs	r24, 3
     bd2:	20 c0       	rjmp	.+64     	; 0xc14 <__stack+0x115>
					case USB_INT_WAKEUPI:
						return (UDIEN  & (1 << WAKEUPE));
					case USB_INT_SUSPI:
						return (UDIEN  & (1 << SUSPE));
					case USB_INT_EORSTI:
						return (UDIEN  & (1 << EORSTE));
     bd4:	80 91 e2 00 	lds	r24, 0x00E2	; 0x8000e2 <__TEXT_REGION_LENGTH__+0x7f80e2>
     bd8:	83 ff       	sbrs	r24, 3
     bda:	1c c0       	rjmp	.+56     	; 0xc14 <__stack+0x115>
						break;
					case USB_INT_SUSPI:
						UDINT  &= ~(1 << SUSPI);
						break;
					case USB_INT_EORSTI:
						UDINT  &= ~(1 << EORSTI);
     bdc:	e1 ee       	ldi	r30, 0xE1	; 225
     bde:	f0 e0       	ldi	r31, 0x00	; 0
     be0:	80 81       	ld	r24, Z
     be2:	87 7f       	andi	r24, 0xF7	; 247
     be4:	80 83       	st	Z, r24
	{
		USB_INT_Clear(USB_INT_EORSTI);

		USB_DeviceState                = DEVICE_STATE_Default;
     be6:	82 e0       	ldi	r24, 0x02	; 2
     be8:	80 93 1d 09 	sts	0x091D, r24	; 0x80091d <USB_DeviceState>
		USB_Device_ConfigurationNumber = 0;
     bec:	10 92 19 09 	sts	0x0919, r1	; 0x800919 <USB_Device_ConfigurationNumber>
					#if defined(USB_CAN_BE_DEVICE)
					case USB_INT_WAKEUPI:
						UDINT  &= ~(1 << WAKEUPI);
						break;
					case USB_INT_SUSPI:
						UDINT  &= ~(1 << SUSPI);
     bf0:	80 81       	ld	r24, Z
     bf2:	8e 7f       	andi	r24, 0xFE	; 254
     bf4:	80 83       	st	Z, r24
					#if defined(USB_CAN_BE_DEVICE)
					case USB_INT_WAKEUPI:
						UDIEN  &= ~(1 << WAKEUPE);
						break;
					case USB_INT_SUSPI:
						UDIEN  &= ~(1 << SUSPE);
     bf6:	e2 ee       	ldi	r30, 0xE2	; 226
     bf8:	f0 e0       	ldi	r31, 0x00	; 0
     bfa:	80 81       	ld	r24, Z
     bfc:	8e 7f       	andi	r24, 0xFE	; 254
     bfe:	80 83       	st	Z, r24
						USBCON |= (1 << IDTE);
						break;
					#endif
					#if defined(USB_CAN_BE_DEVICE)
					case USB_INT_WAKEUPI:
						UDIEN  |= (1 << WAKEUPE);
     c00:	80 81       	ld	r24, Z
     c02:	80 61       	ori	r24, 0x10	; 16
     c04:	80 83       	st	Z, r24
				uint8_t Number = (Address & ENDPOINT_EPNUM_MASK);

				if (Number >= ENDPOINT_TOTAL_ENDPOINTS)
				  return false;

				return Endpoint_ConfigureEndpoint_Prv(Number,
     c06:	42 e0       	ldi	r20, 0x02	; 2
     c08:	60 e0       	ldi	r22, 0x00	; 0
     c0a:	80 e0       	ldi	r24, 0x00	; 0
     c0c:	0e 94 19 04 	call	0x832	; 0x832 <Endpoint_ConfigureEndpoint_Prv>

		#if defined(INTERRUPT_CONTROL_ENDPOINT)
		USB_INT_Enable(USB_INT_RXSTPI);
		#endif

		EVENT_USB_Device_Reset();
     c10:	0e 94 c7 07 	call	0xf8e	; 0xf8e <USB_Event_Stub>
		USB_ResetInterface();

		EVENT_USB_UIDChange();
	}
	#endif
}
     c14:	ff 91       	pop	r31
     c16:	ef 91       	pop	r30
     c18:	bf 91       	pop	r27
     c1a:	af 91       	pop	r26
     c1c:	9f 91       	pop	r25
     c1e:	8f 91       	pop	r24
     c20:	7f 91       	pop	r23
     c22:	6f 91       	pop	r22
     c24:	5f 91       	pop	r21
     c26:	4f 91       	pop	r20
     c28:	3f 91       	pop	r19
     c2a:	2f 91       	pop	r18
     c2c:	0f 90       	pop	r0
     c2e:	0f be       	out	0x3f, r0	; 63
     c30:	0f 90       	pop	r0
     c32:	1f 90       	pop	r1
     c34:	18 95       	reti

00000c36 <USB_Device_GetStatus>:

static void USB_Device_GetStatus(void)
{
	uint8_t CurrentStatus = 0;

	switch (USB_ControlRequest.bmRequestType)
     c36:	80 91 1e 09 	lds	r24, 0x091E	; 0x80091e <USB_ControlRequest>
     c3a:	80 38       	cpi	r24, 0x80	; 128
     c3c:	19 f0       	breq	.+6      	; 0xc44 <USB_Device_GetStatus+0xe>
     c3e:	82 38       	cpi	r24, 0x82	; 130
     c40:	71 f0       	breq	.+28     	; 0xc5e <USB_Device_GetStatus+0x28>
     c42:	08 95       	ret
	{
		case (REQDIR_DEVICETOHOST | REQTYPE_STANDARD | REQREC_DEVICE):
		{
			#if !defined(NO_DEVICE_SELF_POWER)
			if (USB_Device_CurrentlySelfPowered)
     c44:	80 91 1a 09 	lds	r24, 0x091A	; 0x80091a <USB_Device_CurrentlySelfPowered>
     c48:	81 11       	cpse	r24, r1
     c4a:	02 c0       	rjmp	.+4      	; 0xc50 <USB_Device_GetStatus+0x1a>
	Endpoint_ClearOUT();
}

static void USB_Device_GetStatus(void)
{
	uint8_t CurrentStatus = 0;
     c4c:	90 e0       	ldi	r25, 0x00	; 0
     c4e:	01 c0       	rjmp	.+2      	; 0xc52 <USB_Device_GetStatus+0x1c>
	{
		case (REQDIR_DEVICETOHOST | REQTYPE_STANDARD | REQREC_DEVICE):
		{
			#if !defined(NO_DEVICE_SELF_POWER)
			if (USB_Device_CurrentlySelfPowered)
			  CurrentStatus |= FEATURE_SELFPOWERED_ENABLED;
     c50:	91 e0       	ldi	r25, 0x01	; 1
			#endif

			#if !defined(NO_DEVICE_REMOTE_WAKEUP)
			if (USB_Device_RemoteWakeupEnabled)
     c52:	80 91 1b 09 	lds	r24, 0x091B	; 0x80091b <USB_Device_RemoteWakeupEnabled>
     c56:	88 23       	and	r24, r24
     c58:	81 f0       	breq	.+32     	; 0xc7a <USB_Device_GetStatus+0x44>
			  CurrentStatus |= FEATURE_REMOTE_WAKEUP_ENABLED;
     c5a:	92 60       	ori	r25, 0x02	; 2
     c5c:	0e c0       	rjmp	.+28     	; 0xc7a <USB_Device_GetStatus+0x44>
			break;
		}
		case (REQDIR_DEVICETOHOST | REQTYPE_STANDARD | REQREC_ENDPOINT):
		{
			#if !defined(CONTROL_ONLY_DEVICE)
			uint8_t EndpointIndex = ((uint8_t)USB_ControlRequest.wIndex & ENDPOINT_EPNUM_MASK);
     c5e:	80 91 22 09 	lds	r24, 0x0922	; 0x800922 <USB_ControlRequest+0x4>
     c62:	8f 70       	andi	r24, 0x0F	; 15

			if (EndpointIndex >= ENDPOINT_TOTAL_ENDPOINTS)
     c64:	87 30       	cpi	r24, 0x07	; 7
     c66:	b8 f4       	brcc	.+46     	; 0xc96 <USB_Device_GetStatus+0x60>
			 */
			static inline void Endpoint_SelectEndpoint(const uint8_t Address) ATTR_ALWAYS_INLINE;
			static inline void Endpoint_SelectEndpoint(const uint8_t Address)
			{
				#if !defined(CONTROL_ONLY_DEVICE)
					UENUM = (Address & ENDPOINT_EPNUM_MASK);
     c68:	e9 ee       	ldi	r30, 0xE9	; 233
     c6a:	f0 e0       	ldi	r31, 0x00	; 0
     c6c:	80 83       	st	Z, r24
			 *  \return Boolean \c true if the currently selected endpoint is stalled, \c false otherwise.
			 */
			static inline bool Endpoint_IsStalled(void) ATTR_WARN_UNUSED_RESULT ATTR_ALWAYS_INLINE;
			static inline bool Endpoint_IsStalled(void)
			{
				return ((UECONX & (1 << STALLRQ)) ? true : false);
     c6e:	90 91 eb 00 	lds	r25, 0x00EB	; 0x8000eb <__TEXT_REGION_LENGTH__+0x7f80eb>
     c72:	95 fb       	bst	r25, 5
     c74:	99 27       	eor	r25, r25
     c76:	90 f9       	bld	r25, 0
			 */
			static inline void Endpoint_SelectEndpoint(const uint8_t Address) ATTR_ALWAYS_INLINE;
			static inline void Endpoint_SelectEndpoint(const uint8_t Address)
			{
				#if !defined(CONTROL_ONLY_DEVICE)
					UENUM = (Address & ENDPOINT_EPNUM_MASK);
     c78:	10 82       	st	Z, r1
			 *  \note This is not applicable for non CONTROL type endpoints.
			 */
			static inline void Endpoint_ClearSETUP(void) ATTR_ALWAYS_INLINE;
			static inline void Endpoint_ClearSETUP(void)
			{
				UEINTX &= ~(1 << RXSTPI);
     c7a:	e8 ee       	ldi	r30, 0xE8	; 232
     c7c:	f0 e0       	ldi	r31, 0x00	; 0
     c7e:	80 81       	ld	r24, Z
     c80:	87 7f       	andi	r24, 0xF7	; 247
     c82:	80 83       	st	Z, r24
			 *  \param[in] Data  Data to write to the currently selected endpoint's FIFO buffer.
			 */
			static inline void Endpoint_Write_16_LE(const uint16_t Data) ATTR_ALWAYS_INLINE;
			static inline void Endpoint_Write_16_LE(const uint16_t Data)
			{
				UEDATX = (Data & 0xFF);
     c84:	a1 ef       	ldi	r26, 0xF1	; 241
     c86:	b0 e0       	ldi	r27, 0x00	; 0
     c88:	9c 93       	st	X, r25
				UEDATX = (Data >> 8);
     c8a:	1c 92       	st	X, r1
			 */
			static inline void Endpoint_ClearIN(void) ATTR_ALWAYS_INLINE;
			static inline void Endpoint_ClearIN(void)
			{
				#if !defined(CONTROL_ONLY_DEVICE)
					UEINTX &= ~((1 << TXINI) | (1 << FIFOCON));
     c8c:	80 81       	ld	r24, Z
     c8e:	8e 77       	andi	r24, 0x7E	; 126
     c90:	80 83       	st	Z, r24
	Endpoint_ClearSETUP();

	Endpoint_Write_16_LE(CurrentStatus);
	Endpoint_ClearIN();

	Endpoint_ClearStatusStage();
     c92:	0e 94 94 04 	call	0x928	; 0x928 <Endpoint_ClearStatusStage>
     c96:	08 95       	ret

00000c98 <USB_Device_ClearSetFeature>:
}

static void USB_Device_ClearSetFeature(void)
{
	switch (USB_ControlRequest.bmRequestType & CONTROL_REQTYPE_RECIPIENT)
     c98:	80 91 1e 09 	lds	r24, 0x091E	; 0x80091e <USB_ControlRequest>
     c9c:	8f 71       	andi	r24, 0x1F	; 31
     c9e:	19 f0       	breq	.+6      	; 0xca6 <USB_Device_ClearSetFeature+0xe>
     ca0:	82 30       	cpi	r24, 0x02	; 2
     ca2:	71 f0       	breq	.+28     	; 0xcc0 <USB_Device_ClearSetFeature+0x28>
     ca4:	08 95       	ret
	{
		#if !defined(NO_DEVICE_REMOTE_WAKEUP)
		case REQREC_DEVICE:
		{
			if ((uint8_t)USB_ControlRequest.wValue == FEATURE_SEL_DeviceRemoteWakeup)
     ca6:	80 91 20 09 	lds	r24, 0x0920	; 0x800920 <USB_ControlRequest+0x2>
     caa:	81 30       	cpi	r24, 0x01	; 1
     cac:	09 f0       	breq	.+2      	; 0xcb0 <USB_Device_ClearSetFeature+0x18>
     cae:	40 c0       	rjmp	.+128    	; 0xd30 <USB_Device_ClearSetFeature+0x98>
			  USB_Device_RemoteWakeupEnabled = (USB_ControlRequest.bRequest == REQ_SetFeature);
     cb0:	90 91 1f 09 	lds	r25, 0x091F	; 0x80091f <USB_ControlRequest+0x1>
     cb4:	93 30       	cpi	r25, 0x03	; 3
     cb6:	09 f0       	breq	.+2      	; 0xcba <USB_Device_ClearSetFeature+0x22>
     cb8:	80 e0       	ldi	r24, 0x00	; 0
     cba:	80 93 1b 09 	sts	0x091B, r24	; 0x80091b <USB_Device_RemoteWakeupEnabled>
			else
			  return;

			break;
     cbe:	2f c0       	rjmp	.+94     	; 0xd1e <USB_Device_ClearSetFeature+0x86>
		}
		#endif
		#if !defined(CONTROL_ONLY_DEVICE)
		case REQREC_ENDPOINT:
		{
			if ((uint8_t)USB_ControlRequest.wValue == FEATURE_SEL_EndpointHalt)
     cc0:	80 91 20 09 	lds	r24, 0x0920	; 0x800920 <USB_ControlRequest+0x2>
     cc4:	81 11       	cpse	r24, r1
     cc6:	2b c0       	rjmp	.+86     	; 0xd1e <USB_Device_ClearSetFeature+0x86>
			{
				uint8_t EndpointIndex = ((uint8_t)USB_ControlRequest.wIndex & ENDPOINT_EPNUM_MASK);
     cc8:	80 91 22 09 	lds	r24, 0x0922	; 0x800922 <USB_ControlRequest+0x4>
     ccc:	8f 70       	andi	r24, 0x0F	; 15

				if (EndpointIndex == ENDPOINT_CONTROLEP || EndpointIndex >= ENDPOINT_TOTAL_ENDPOINTS)
     cce:	9f ef       	ldi	r25, 0xFF	; 255
     cd0:	98 0f       	add	r25, r24
     cd2:	96 30       	cpi	r25, 0x06	; 6
     cd4:	68 f5       	brcc	.+90     	; 0xd30 <USB_Device_ClearSetFeature+0x98>
			 */
			static inline void Endpoint_SelectEndpoint(const uint8_t Address) ATTR_ALWAYS_INLINE;
			static inline void Endpoint_SelectEndpoint(const uint8_t Address)
			{
				#if !defined(CONTROL_ONLY_DEVICE)
					UENUM = (Address & ENDPOINT_EPNUM_MASK);
     cd6:	80 93 e9 00 	sts	0x00E9, r24	; 0x8000e9 <__TEXT_REGION_LENGTH__+0x7f80e9>
			 * \return Boolean \c true if the currently selected endpoint is enabled, \c false otherwise.
			 */
			static inline bool Endpoint_IsEnabled(void) ATTR_WARN_UNUSED_RESULT ATTR_ALWAYS_INLINE;
			static inline bool Endpoint_IsEnabled(void)
			{
				return ((UECONX & (1 << EPEN)) ? true : false);
     cda:	90 91 eb 00 	lds	r25, 0x00EB	; 0x8000eb <__TEXT_REGION_LENGTH__+0x7f80eb>
				  return;

				Endpoint_SelectEndpoint(EndpointIndex);

				if (Endpoint_IsEnabled())
     cde:	90 ff       	sbrs	r25, 0
     ce0:	1e c0       	rjmp	.+60     	; 0xd1e <USB_Device_ClearSetFeature+0x86>
				{
					if (USB_ControlRequest.bRequest == REQ_SetFeature)
     ce2:	90 91 1f 09 	lds	r25, 0x091F	; 0x80091f <USB_ControlRequest+0x1>
     ce6:	93 30       	cpi	r25, 0x03	; 3
     ce8:	31 f4       	brne	.+12     	; 0xcf6 <USB_Device_ClearSetFeature+0x5e>
			 *  \ingroup Group_EndpointPacketManagement_AVR8
			 */
			static inline void Endpoint_StallTransaction(void) ATTR_ALWAYS_INLINE;
			static inline void Endpoint_StallTransaction(void)
			{
				UECONX |= (1 << STALLRQ);
     cea:	eb ee       	ldi	r30, 0xEB	; 235
     cec:	f0 e0       	ldi	r31, 0x00	; 0
     cee:	80 81       	ld	r24, Z
     cf0:	80 62       	ori	r24, 0x20	; 32
     cf2:	80 83       	st	Z, r24
     cf4:	14 c0       	rjmp	.+40     	; 0xd1e <USB_Device_ClearSetFeature+0x86>
			 *  \ingroup Group_EndpointPacketManagement_AVR8
			 */
			static inline void Endpoint_ClearStall(void) ATTR_ALWAYS_INLINE;
			static inline void Endpoint_ClearStall(void)
			{
				UECONX |= (1 << STALLRQC);
     cf6:	eb ee       	ldi	r30, 0xEB	; 235
     cf8:	f0 e0       	ldi	r31, 0x00	; 0
     cfa:	90 81       	ld	r25, Z
     cfc:	90 61       	ori	r25, 0x10	; 16
     cfe:	90 83       	st	Z, r25
			 *  \param[in] Address  Endpoint address whose FIFO buffers are to be reset.
			 */
			static inline void Endpoint_ResetEndpoint(const uint8_t Address) ATTR_ALWAYS_INLINE;
			static inline void Endpoint_ResetEndpoint(const uint8_t Address)
			{
				UERST = (1 << (Address & ENDPOINT_EPNUM_MASK));
     d00:	21 e0       	ldi	r18, 0x01	; 1
     d02:	30 e0       	ldi	r19, 0x00	; 0
     d04:	a9 01       	movw	r20, r18
     d06:	02 c0       	rjmp	.+4      	; 0xd0c <USB_Device_ClearSetFeature+0x74>
     d08:	44 0f       	add	r20, r20
     d0a:	55 1f       	adc	r21, r21
     d0c:	8a 95       	dec	r24
     d0e:	e2 f7       	brpl	.-8      	; 0xd08 <USB_Device_ClearSetFeature+0x70>
     d10:	aa ee       	ldi	r26, 0xEA	; 234
     d12:	b0 e0       	ldi	r27, 0x00	; 0
     d14:	4c 93       	st	X, r20
				UERST = 0;
     d16:	1c 92       	st	X, r1

			/** Resets the data toggle of the currently selected endpoint. */
			static inline void Endpoint_ResetDataToggle(void) ATTR_ALWAYS_INLINE;
			static inline void Endpoint_ResetDataToggle(void)
			{
				UECONX |= (1 << RSTDT);
     d18:	80 81       	ld	r24, Z
     d1a:	88 60       	ori	r24, 0x08	; 8
     d1c:	80 83       	st	Z, r24
			 */
			static inline void Endpoint_SelectEndpoint(const uint8_t Address) ATTR_ALWAYS_INLINE;
			static inline void Endpoint_SelectEndpoint(const uint8_t Address)
			{
				#if !defined(CONTROL_ONLY_DEVICE)
					UENUM = (Address & ENDPOINT_EPNUM_MASK);
     d1e:	10 92 e9 00 	sts	0x00E9, r1	; 0x8000e9 <__TEXT_REGION_LENGTH__+0x7f80e9>
			 *  \note This is not applicable for non CONTROL type endpoints.
			 */
			static inline void Endpoint_ClearSETUP(void) ATTR_ALWAYS_INLINE;
			static inline void Endpoint_ClearSETUP(void)
			{
				UEINTX &= ~(1 << RXSTPI);
     d22:	e8 ee       	ldi	r30, 0xE8	; 232
     d24:	f0 e0       	ldi	r31, 0x00	; 0
     d26:	80 81       	ld	r24, Z
     d28:	87 7f       	andi	r24, 0xF7	; 247
     d2a:	80 83       	st	Z, r24

	Endpoint_SelectEndpoint(ENDPOINT_CONTROLEP);

	Endpoint_ClearSETUP();

	Endpoint_ClearStatusStage();
     d2c:	0e 94 94 04 	call	0x928	; 0x928 <Endpoint_ClearStatusStage>
     d30:	08 95       	ret

00000d32 <USB_Device_SetAddress>:
		Endpoint_StallTransaction();
	}
}

static void USB_Device_SetAddress(void)
{
     d32:	cf 93       	push	r28
	uint8_t DeviceAddress = (USB_ControlRequest.wValue & 0x7F);
     d34:	c0 91 20 09 	lds	r28, 0x0920	; 0x800920 <USB_ControlRequest+0x2>
     d38:	cf 77       	andi	r28, 0x7F	; 127
			#endif

			static inline void USB_Device_SetDeviceAddress(const uint8_t Address) ATTR_ALWAYS_INLINE;
			static inline void USB_Device_SetDeviceAddress(const uint8_t Address)
			{
				UDADDR = (UDADDR & (1 << ADDEN)) | (Address & 0x7F);
     d3a:	e3 ee       	ldi	r30, 0xE3	; 227
     d3c:	f0 e0       	ldi	r31, 0x00	; 0
     d3e:	80 81       	ld	r24, Z
     d40:	80 78       	andi	r24, 0x80	; 128
     d42:	8c 2b       	or	r24, r28
     d44:	80 83       	st	Z, r24
     d46:	e8 ee       	ldi	r30, 0xE8	; 232
     d48:	f0 e0       	ldi	r31, 0x00	; 0
     d4a:	80 81       	ld	r24, Z
     d4c:	87 7f       	andi	r24, 0xF7	; 247
     d4e:	80 83       	st	Z, r24

	USB_Device_SetDeviceAddress(DeviceAddress);

	Endpoint_ClearSETUP();

	Endpoint_ClearStatusStage();
     d50:	0e 94 94 04 	call	0x928	; 0x928 <Endpoint_ClearStatusStage>
			 *  \return Boolean \c true if the current endpoint is ready for an IN packet, \c false otherwise.
			 */
			static inline bool Endpoint_IsINReady(void) ATTR_WARN_UNUSED_RESULT ATTR_ALWAYS_INLINE;
			static inline bool Endpoint_IsINReady(void)
			{
				return ((UEINTX & (1 << TXINI)) ? true : false);
     d54:	80 91 e8 00 	lds	r24, 0x00E8	; 0x8000e8 <__TEXT_REGION_LENGTH__+0x7f80e8>

	while (!(Endpoint_IsINReady()));
     d58:	80 ff       	sbrs	r24, 0
     d5a:	fc cf       	rjmp	.-8      	; 0xd54 <USB_Device_SetAddress+0x22>
			static inline void USB_Device_EnableDeviceAddress(const uint8_t Address) ATTR_ALWAYS_INLINE;
			static inline void USB_Device_EnableDeviceAddress(const uint8_t Address)
			{
				(void)Address;

				UDADDR |= (1 << ADDEN);
     d5c:	e3 ee       	ldi	r30, 0xE3	; 227
     d5e:	f0 e0       	ldi	r31, 0x00	; 0
     d60:	80 81       	ld	r24, Z
     d62:	80 68       	ori	r24, 0x80	; 128
     d64:	80 83       	st	Z, r24

	USB_Device_EnableDeviceAddress(DeviceAddress);

	USB_DeviceState = (DeviceAddress) ? DEVICE_STATE_Addressed : DEVICE_STATE_Default;
     d66:	cc 23       	and	r28, r28
     d68:	11 f0       	breq	.+4      	; 0xd6e <USB_Device_SetAddress+0x3c>
     d6a:	83 e0       	ldi	r24, 0x03	; 3
     d6c:	01 c0       	rjmp	.+2      	; 0xd70 <USB_Device_SetAddress+0x3e>
     d6e:	82 e0       	ldi	r24, 0x02	; 2
     d70:	80 93 1d 09 	sts	0x091D, r24	; 0x80091d <USB_DeviceState>
}
     d74:	cf 91       	pop	r28
     d76:	08 95       	ret

00000d78 <USB_Device_GetConfiguration>:
			 *  \note This is not applicable for non CONTROL type endpoints.
			 */
			static inline void Endpoint_ClearSETUP(void) ATTR_ALWAYS_INLINE;
			static inline void Endpoint_ClearSETUP(void)
			{
				UEINTX &= ~(1 << RXSTPI);
     d78:	e8 ee       	ldi	r30, 0xE8	; 232
     d7a:	f0 e0       	ldi	r31, 0x00	; 0
     d7c:	80 81       	ld	r24, Z
     d7e:	87 7f       	andi	r24, 0xF7	; 247
     d80:	80 83       	st	Z, r24

static void USB_Device_GetConfiguration(void)
{
	Endpoint_ClearSETUP();

	Endpoint_Write_8(USB_Device_ConfigurationNumber);
     d82:	80 91 19 09 	lds	r24, 0x0919	; 0x800919 <USB_Device_ConfigurationNumber>
			 *  \param[in] Data  Data to write into the the currently selected endpoint's FIFO buffer.
			 */
			static inline void Endpoint_Write_8(const uint8_t Data) ATTR_ALWAYS_INLINE;
			static inline void Endpoint_Write_8(const uint8_t Data)
			{
				UEDATX = Data;
     d86:	80 93 f1 00 	sts	0x00F1, r24	; 0x8000f1 <__TEXT_REGION_LENGTH__+0x7f80f1>
			 */
			static inline void Endpoint_ClearIN(void) ATTR_ALWAYS_INLINE;
			static inline void Endpoint_ClearIN(void)
			{
				#if !defined(CONTROL_ONLY_DEVICE)
					UEINTX &= ~((1 << TXINI) | (1 << FIFOCON));
     d8a:	80 81       	ld	r24, Z
     d8c:	8e 77       	andi	r24, 0x7E	; 126
     d8e:	80 83       	st	Z, r24
	Endpoint_ClearIN();

	Endpoint_ClearStatusStage();
     d90:	0e 94 94 04 	call	0x928	; 0x928 <Endpoint_ClearStatusStage>
     d94:	08 95       	ret

00000d96 <USB_Device_GetInternalSerialDescriptor>:
}

#if !defined(NO_INTERNAL_SERIAL) && (USE_INTERNAL_SERIAL != NO_DESCRIPTOR)
static void USB_Device_GetInternalSerialDescriptor(void)
{
     d96:	0f 93       	push	r16
     d98:	1f 93       	push	r17
     d9a:	cf 93       	push	r28
     d9c:	df 93       	push	r29
     d9e:	cd b7       	in	r28, 0x3d	; 61
     da0:	de b7       	in	r29, 0x3e	; 62
     da2:	aa 97       	sbiw	r28, 0x2a	; 42
     da4:	0f b6       	in	r0, 0x3f	; 63
     da6:	f8 94       	cli
     da8:	de bf       	out	0x3e, r29	; 62
     daa:	0f be       	out	0x3f, r0	; 63
     dac:	cd bf       	out	0x3d, r28	; 61
	{
		USB_Descriptor_Header_t Header;
		uint16_t                UnicodeString[INTERNAL_SERIAL_LENGTH_BITS / 4];
	} SignatureDescriptor;

	SignatureDescriptor.Header.Type = DTYPE_String;
     dae:	83 e0       	ldi	r24, 0x03	; 3
     db0:	8a 83       	std	Y+2, r24	; 0x02
	SignatureDescriptor.Header.Size = USB_STRING_LEN(INTERNAL_SERIAL_LENGTH_BITS / 4);
     db2:	8a e2       	ldi	r24, 0x2A	; 42
     db4:	89 83       	std	Y+1, r24	; 0x01
			static inline uint_reg_t GetGlobalInterruptMask(void)
			{
				GCC_MEMORY_BARRIER();

				#if (ARCH == ARCH_AVR8)
				return SREG;
     db6:	3f b7       	in	r19, 0x3f	; 63
			static inline void GlobalInterruptDisable(void)
			{
				GCC_MEMORY_BARRIER();

				#if (ARCH == ARCH_AVR8)
				cli();
     db8:	f8 94       	cli
				uint_reg_t CurrentGlobalInt = GetGlobalInterruptMask();
				GlobalInterruptDisable();

				uint8_t SigReadAddress = INTERNAL_SERIAL_START_ADDRESS;

				for (uint8_t SerialCharNum = 0; SerialCharNum < (INTERNAL_SERIAL_LENGTH_BITS / 4); SerialCharNum++)
     dba:	90 e0       	ldi	r25, 0x00	; 0
			static inline void USB_Device_GetSerialString(uint16_t* const UnicodeString)
			{
				uint_reg_t CurrentGlobalInt = GetGlobalInterruptMask();
				GlobalInterruptDisable();

				uint8_t SigReadAddress = INTERNAL_SERIAL_START_ADDRESS;
     dbc:	2e e0       	ldi	r18, 0x0E	; 14
     dbe:	20 c0       	rjmp	.+64     	; 0xe00 <USB_Device_GetInternalSerialDescriptor+0x6a>

				for (uint8_t SerialCharNum = 0; SerialCharNum < (INTERNAL_SERIAL_LENGTH_BITS / 4); SerialCharNum++)
				{
					uint8_t SerialByte = boot_signature_byte_get(SigReadAddress);
     dc0:	e2 2f       	mov	r30, r18
     dc2:	f0 e0       	ldi	r31, 0x00	; 0
     dc4:	81 e2       	ldi	r24, 0x21	; 33
     dc6:	80 93 57 00 	sts	0x0057, r24	; 0x800057 <__TEXT_REGION_LENGTH__+0x7f8057>
     dca:	e4 91       	lpm	r30, Z

					if (SerialCharNum & 0x01)
     dcc:	90 ff       	sbrs	r25, 0
     dce:	03 c0       	rjmp	.+6      	; 0xdd6 <USB_Device_GetInternalSerialDescriptor+0x40>
					{
						SerialByte >>= 4;
     dd0:	e2 95       	swap	r30
     dd2:	ef 70       	andi	r30, 0x0F	; 15
						SigReadAddress++;
     dd4:	2f 5f       	subi	r18, 0xFF	; 255
					}

					SerialByte &= 0x0F;
     dd6:	ef 70       	andi	r30, 0x0F	; 15

					UnicodeString[SerialCharNum] = cpu_to_le16((SerialByte >= 10) ?
     dd8:	a9 2f       	mov	r26, r25
     dda:	b0 e0       	ldi	r27, 0x00	; 0
     ddc:	aa 0f       	add	r26, r26
     dde:	bb 1f       	adc	r27, r27
     de0:	43 e0       	ldi	r20, 0x03	; 3
     de2:	50 e0       	ldi	r21, 0x00	; 0
     de4:	4c 0f       	add	r20, r28
     de6:	5d 1f       	adc	r21, r29
     de8:	a4 0f       	add	r26, r20
     dea:	b5 1f       	adc	r27, r21
     dec:	ea 30       	cpi	r30, 0x0A	; 10
     dee:	18 f0       	brcs	.+6      	; 0xdf6 <USB_Device_GetInternalSerialDescriptor+0x60>
     df0:	f0 e0       	ldi	r31, 0x00	; 0
     df2:	f7 96       	adiw	r30, 0x37	; 55
     df4:	02 c0       	rjmp	.+4      	; 0xdfa <USB_Device_GetInternalSerialDescriptor+0x64>
     df6:	f0 e0       	ldi	r31, 0x00	; 0
     df8:	f0 96       	adiw	r30, 0x30	; 48
     dfa:	ed 93       	st	X+, r30
     dfc:	fc 93       	st	X, r31
				uint_reg_t CurrentGlobalInt = GetGlobalInterruptMask();
				GlobalInterruptDisable();

				uint8_t SigReadAddress = INTERNAL_SERIAL_START_ADDRESS;

				for (uint8_t SerialCharNum = 0; SerialCharNum < (INTERNAL_SERIAL_LENGTH_BITS / 4); SerialCharNum++)
     dfe:	9f 5f       	subi	r25, 0xFF	; 255
     e00:	94 31       	cpi	r25, 0x14	; 20
     e02:	f0 f2       	brcs	.-68     	; 0xdc0 <USB_Device_GetInternalSerialDescriptor+0x2a>
			static inline void SetGlobalInterruptMask(const uint_reg_t GlobalIntState)
			{
				GCC_MEMORY_BARRIER();

				#if (ARCH == ARCH_AVR8)
				SREG = GlobalIntState;
     e04:	3f bf       	out	0x3f, r19	; 63
			 *  \note This is not applicable for non CONTROL type endpoints.
			 */
			static inline void Endpoint_ClearSETUP(void) ATTR_ALWAYS_INLINE;
			static inline void Endpoint_ClearSETUP(void)
			{
				UEINTX &= ~(1 << RXSTPI);
     e06:	08 ee       	ldi	r16, 0xE8	; 232
     e08:	10 e0       	ldi	r17, 0x00	; 0
     e0a:	f8 01       	movw	r30, r16
     e0c:	80 81       	ld	r24, Z
     e0e:	87 7f       	andi	r24, 0xF7	; 247
     e10:	80 83       	st	Z, r24

	USB_Device_GetSerialString(SignatureDescriptor.UnicodeString);

	Endpoint_ClearSETUP();

	Endpoint_Write_Control_Stream_LE(&SignatureDescriptor, sizeof(SignatureDescriptor));
     e12:	6a e2       	ldi	r22, 0x2A	; 42
     e14:	70 e0       	ldi	r23, 0x00	; 0
     e16:	ce 01       	movw	r24, r28
     e18:	01 96       	adiw	r24, 0x01	; 1
     e1a:	0e 94 f9 02 	call	0x5f2	; 0x5f2 <Endpoint_Write_Control_Stream_LE>
			 */
			static inline void Endpoint_ClearOUT(void) ATTR_ALWAYS_INLINE;
			static inline void Endpoint_ClearOUT(void)
			{
				#if !defined(CONTROL_ONLY_DEVICE)
					UEINTX &= ~((1 << RXOUTI) | (1 << FIFOCON));
     e1e:	f8 01       	movw	r30, r16
     e20:	80 81       	ld	r24, Z
     e22:	8b 77       	andi	r24, 0x7B	; 123
     e24:	80 83       	st	Z, r24
	Endpoint_ClearOUT();
}
     e26:	aa 96       	adiw	r28, 0x2a	; 42
     e28:	0f b6       	in	r0, 0x3f	; 63
     e2a:	f8 94       	cli
     e2c:	de bf       	out	0x3e, r29	; 62
     e2e:	0f be       	out	0x3f, r0	; 63
     e30:	cd bf       	out	0x3d, r28	; 61
     e32:	df 91       	pop	r29
     e34:	cf 91       	pop	r28
     e36:	1f 91       	pop	r17
     e38:	0f 91       	pop	r16
     e3a:	08 95       	ret

00000e3c <USB_Device_GetDescriptor>:
#endif

static void USB_Device_GetDescriptor(void)
{
     e3c:	0f 93       	push	r16
     e3e:	1f 93       	push	r17
     e40:	cf 93       	push	r28
     e42:	df 93       	push	r29
     e44:	00 d0       	rcall	.+0      	; 0xe46 <USB_Device_GetDescriptor+0xa>
     e46:	cd b7       	in	r28, 0x3d	; 61
     e48:	de b7       	in	r29, 0x3e	; 62
	    !(defined(USE_FLASH_DESCRIPTORS) || defined(USE_EEPROM_DESCRIPTORS) || defined(USE_RAM_DESCRIPTORS))
	uint8_t DescriptorAddressSpace;
	#endif

	#if !defined(NO_INTERNAL_SERIAL) && (USE_INTERNAL_SERIAL != NO_DESCRIPTOR)
	if (USB_ControlRequest.wValue == ((DTYPE_String << 8) | USE_INTERNAL_SERIAL))
     e4a:	80 91 20 09 	lds	r24, 0x0920	; 0x800920 <USB_ControlRequest+0x2>
     e4e:	90 91 21 09 	lds	r25, 0x0921	; 0x800921 <USB_ControlRequest+0x3>
     e52:	8c 3d       	cpi	r24, 0xDC	; 220
     e54:	23 e0       	ldi	r18, 0x03	; 3
     e56:	92 07       	cpc	r25, r18
     e58:	19 f4       	brne	.+6      	; 0xe60 <USB_Device_GetDescriptor+0x24>
	{
		USB_Device_GetInternalSerialDescriptor();
     e5a:	0e 94 cb 06 	call	0xd96	; 0xd96 <USB_Device_GetInternalSerialDescriptor>
		return;
     e5e:	1a c0       	rjmp	.+52     	; 0xe94 <USB_Device_GetDescriptor+0x58>
	}
	#endif

	if ((DescriptorSize = CALLBACK_USB_GetDescriptor(USB_ControlRequest.wValue, USB_ControlRequest.wIndex,
     e60:	60 91 22 09 	lds	r22, 0x0922	; 0x800922 <USB_ControlRequest+0x4>
     e64:	70 91 23 09 	lds	r23, 0x0923	; 0x800923 <USB_ControlRequest+0x5>
     e68:	ae 01       	movw	r20, r28
     e6a:	4f 5f       	subi	r20, 0xFF	; 255
     e6c:	5f 4f       	sbci	r21, 0xFF	; 255
     e6e:	0e 94 f3 00 	call	0x1e6	; 0x1e6 <CALLBACK_USB_GetDescriptor>
     e72:	00 97       	sbiw	r24, 0x00	; 0
     e74:	79 f0       	breq	.+30     	; 0xe94 <USB_Device_GetDescriptor+0x58>
			 *  \note This is not applicable for non CONTROL type endpoints.
			 */
			static inline void Endpoint_ClearSETUP(void) ATTR_ALWAYS_INLINE;
			static inline void Endpoint_ClearSETUP(void)
			{
				UEINTX &= ~(1 << RXSTPI);
     e76:	08 ee       	ldi	r16, 0xE8	; 232
     e78:	10 e0       	ldi	r17, 0x00	; 0
     e7a:	f8 01       	movw	r30, r16
     e7c:	20 81       	ld	r18, Z
     e7e:	27 7f       	andi	r18, 0xF7	; 247
     e80:	20 83       	st	Z, r18
	#if defined(USE_RAM_DESCRIPTORS) || !defined(ARCH_HAS_MULTI_ADDRESS_SPACE)
	Endpoint_Write_Control_Stream_LE(DescriptorPointer, DescriptorSize);
	#elif defined(USE_EEPROM_DESCRIPTORS)
	Endpoint_Write_Control_EStream_LE(DescriptorPointer, DescriptorSize);
	#elif defined(USE_FLASH_DESCRIPTORS)
	Endpoint_Write_Control_PStream_LE(DescriptorPointer, DescriptorSize);
     e82:	bc 01       	movw	r22, r24
     e84:	89 81       	ldd	r24, Y+1	; 0x01
     e86:	9a 81       	ldd	r25, Y+2	; 0x02
     e88:	0e 94 ae 03 	call	0x75c	; 0x75c <Endpoint_Write_Control_PStream_LE>
			 */
			static inline void Endpoint_ClearOUT(void) ATTR_ALWAYS_INLINE;
			static inline void Endpoint_ClearOUT(void)
			{
				#if !defined(CONTROL_ONLY_DEVICE)
					UEINTX &= ~((1 << RXOUTI) | (1 << FIFOCON));
     e8c:	f8 01       	movw	r30, r16
     e8e:	80 81       	ld	r24, Z
     e90:	8b 77       	andi	r24, 0x7B	; 123
     e92:	80 83       	st	Z, r24
	else
	  Endpoint_Write_Control_Stream_LE(DescriptorPointer, DescriptorSize);
	#endif

	Endpoint_ClearOUT();
}
     e94:	0f 90       	pop	r0
     e96:	0f 90       	pop	r0
     e98:	df 91       	pop	r29
     e9a:	cf 91       	pop	r28
     e9c:	1f 91       	pop	r17
     e9e:	0f 91       	pop	r16
     ea0:	08 95       	ret

00000ea2 <USB_Device_SetConfiguration>:
}

static void USB_Device_SetConfiguration(void)
{
	#if defined(FIXED_NUM_CONFIGURATIONS)
	if ((uint8_t)USB_ControlRequest.wValue > FIXED_NUM_CONFIGURATIONS)
     ea2:	80 91 20 09 	lds	r24, 0x0920	; 0x800920 <USB_ControlRequest+0x2>
     ea6:	90 91 21 09 	lds	r25, 0x0921	; 0x800921 <USB_ControlRequest+0x3>
     eaa:	99 27       	eor	r25, r25
     eac:	02 97       	sbiw	r24, 0x02	; 2
     eae:	f4 f4       	brge	.+60     	; 0xeec <USB_Device_SetConfiguration+0x4a>
			 *  \note This is not applicable for non CONTROL type endpoints.
			 */
			static inline void Endpoint_ClearSETUP(void) ATTR_ALWAYS_INLINE;
			static inline void Endpoint_ClearSETUP(void)
			{
				UEINTX &= ~(1 << RXSTPI);
     eb0:	e8 ee       	ldi	r30, 0xE8	; 232
     eb2:	f0 e0       	ldi	r31, 0x00	; 0
     eb4:	80 81       	ld	r24, Z
     eb6:	87 7f       	andi	r24, 0xF7	; 247
     eb8:	80 83       	st	Z, r24
	#endif
	#endif

	Endpoint_ClearSETUP();

	USB_Device_ConfigurationNumber = (uint8_t)USB_ControlRequest.wValue;
     eba:	80 91 20 09 	lds	r24, 0x0920	; 0x800920 <USB_ControlRequest+0x2>
     ebe:	80 93 19 09 	sts	0x0919, r24	; 0x800919 <USB_Device_ConfigurationNumber>

	Endpoint_ClearStatusStage();
     ec2:	0e 94 94 04 	call	0x928	; 0x928 <Endpoint_ClearStatusStage>

	if (USB_Device_ConfigurationNumber)
     ec6:	80 91 19 09 	lds	r24, 0x0919	; 0x800919 <USB_Device_ConfigurationNumber>
     eca:	88 23       	and	r24, r24
     ecc:	21 f0       	breq	.+8      	; 0xed6 <USB_Device_SetConfiguration+0x34>
	  USB_DeviceState = DEVICE_STATE_Configured;
     ece:	84 e0       	ldi	r24, 0x04	; 4
     ed0:	80 93 1d 09 	sts	0x091D, r24	; 0x80091d <USB_DeviceState>
     ed4:	09 c0       	rjmp	.+18     	; 0xee8 <USB_Device_SetConfiguration+0x46>
			}

			static inline bool USB_Device_IsAddressSet(void) ATTR_ALWAYS_INLINE ATTR_WARN_UNUSED_RESULT;
			static inline bool USB_Device_IsAddressSet(void)
			{
				return (UDADDR & (1 << ADDEN));
     ed6:	80 91 e3 00 	lds	r24, 0x00E3	; 0x8000e3 <__TEXT_REGION_LENGTH__+0x7f80e3>
	else
	  USB_DeviceState = (USB_Device_IsAddressSet()) ? DEVICE_STATE_Configured : DEVICE_STATE_Powered;
     eda:	88 23       	and	r24, r24
     edc:	14 f4       	brge	.+4      	; 0xee2 <USB_Device_SetConfiguration+0x40>
     ede:	84 e0       	ldi	r24, 0x04	; 4
     ee0:	01 c0       	rjmp	.+2      	; 0xee4 <USB_Device_SetConfiguration+0x42>
     ee2:	81 e0       	ldi	r24, 0x01	; 1
     ee4:	80 93 1d 09 	sts	0x091D, r24	; 0x80091d <USB_DeviceState>

	EVENT_USB_Device_ConfigurationChanged();
     ee8:	0e 94 8b 01 	call	0x316	; 0x316 <EVENT_USB_Device_ConfigurationChanged>
     eec:	08 95       	ret

00000eee <USB_Device_ProcessControlRequest>:
	USB_ControlRequest.wIndex        = Endpoint_Read_16_LE();
	USB_ControlRequest.wLength       = Endpoint_Read_16_LE();
	#else
	uint8_t* RequestHeader = (uint8_t*)&USB_ControlRequest;

	for (uint8_t RequestHeaderByte = 0; RequestHeaderByte < sizeof(USB_Request_Header_t); RequestHeaderByte++)
     eee:	80 e0       	ldi	r24, 0x00	; 0
	USB_ControlRequest.bRequest      = Endpoint_Read_8();
	USB_ControlRequest.wValue        = Endpoint_Read_16_LE();
	USB_ControlRequest.wIndex        = Endpoint_Read_16_LE();
	USB_ControlRequest.wLength       = Endpoint_Read_16_LE();
	#else
	uint8_t* RequestHeader = (uint8_t*)&USB_ControlRequest;
     ef0:	ee e1       	ldi	r30, 0x1E	; 30
     ef2:	f9 e0       	ldi	r31, 0x09	; 9

	for (uint8_t RequestHeaderByte = 0; RequestHeaderByte < sizeof(USB_Request_Header_t); RequestHeaderByte++)
     ef4:	05 c0       	rjmp	.+10     	; 0xf00 <USB_Device_ProcessControlRequest+0x12>
			 *  \return Next byte in the currently selected endpoint's FIFO buffer.
			 */
			static inline uint8_t Endpoint_Read_8(void) ATTR_WARN_UNUSED_RESULT ATTR_ALWAYS_INLINE;
			static inline uint8_t Endpoint_Read_8(void)
			{
				return UEDATX;
     ef6:	90 91 f1 00 	lds	r25, 0x00F1	; 0x8000f1 <__TEXT_REGION_LENGTH__+0x7f80f1>
	  *(RequestHeader++) = Endpoint_Read_8();
     efa:	90 83       	st	Z, r25
	USB_ControlRequest.wIndex        = Endpoint_Read_16_LE();
	USB_ControlRequest.wLength       = Endpoint_Read_16_LE();
	#else
	uint8_t* RequestHeader = (uint8_t*)&USB_ControlRequest;

	for (uint8_t RequestHeaderByte = 0; RequestHeaderByte < sizeof(USB_Request_Header_t); RequestHeaderByte++)
     efc:	8f 5f       	subi	r24, 0xFF	; 255
	  *(RequestHeader++) = Endpoint_Read_8();
     efe:	31 96       	adiw	r30, 0x01	; 1
	USB_ControlRequest.wIndex        = Endpoint_Read_16_LE();
	USB_ControlRequest.wLength       = Endpoint_Read_16_LE();
	#else
	uint8_t* RequestHeader = (uint8_t*)&USB_ControlRequest;

	for (uint8_t RequestHeaderByte = 0; RequestHeaderByte < sizeof(USB_Request_Header_t); RequestHeaderByte++)
     f00:	88 30       	cpi	r24, 0x08	; 8
     f02:	c8 f3       	brcs	.-14     	; 0xef6 <USB_Device_ProcessControlRequest+0x8>
	  *(RequestHeader++) = Endpoint_Read_8();
	#endif

	EVENT_USB_Device_ControlRequest();
     f04:	0e 94 95 01 	call	0x32a	; 0x32a <EVENT_USB_Device_ControlRequest>
			 *  \return Boolean \c true if the selected endpoint has received a SETUP packet, \c false otherwise.
			 */
			static inline bool Endpoint_IsSETUPReceived(void) ATTR_WARN_UNUSED_RESULT ATTR_ALWAYS_INLINE;
			static inline bool Endpoint_IsSETUPReceived(void)
			{
				return ((UEINTX & (1 << RXSTPI)) ? true : false);
     f08:	80 91 e8 00 	lds	r24, 0x00E8	; 0x8000e8 <__TEXT_REGION_LENGTH__+0x7f80e8>

	if (Endpoint_IsSETUPReceived())
     f0c:	83 ff       	sbrs	r24, 3
     f0e:	30 c0       	rjmp	.+96     	; 0xf70 <USB_Device_ProcessControlRequest+0x82>
	{
		uint8_t bmRequestType = USB_ControlRequest.bmRequestType;
     f10:	ee e1       	ldi	r30, 0x1E	; 30
     f12:	f9 e0       	ldi	r31, 0x09	; 9
     f14:	20 81       	ld	r18, Z

		switch (USB_ControlRequest.bRequest)
     f16:	e1 81       	ldd	r30, Z+1	; 0x01
     f18:	8e 2f       	mov	r24, r30
     f1a:	90 e0       	ldi	r25, 0x00	; 0
     f1c:	8a 30       	cpi	r24, 0x0A	; 10
     f1e:	91 05       	cpc	r25, r1
     f20:	38 f5       	brcc	.+78     	; 0xf70 <USB_Device_ProcessControlRequest+0x82>
     f22:	fc 01       	movw	r30, r24
     f24:	ea 5a       	subi	r30, 0xAA	; 170
     f26:	ff 4f       	sbci	r31, 0xFF	; 255
     f28:	0c 94 1c 0a 	jmp	0x1438	; 0x1438 <__tablejump2__>
		{
			case REQ_GetStatus:
				if ((bmRequestType == (REQDIR_DEVICETOHOST | REQTYPE_STANDARD | REQREC_DEVICE)) ||
     f2c:	20 38       	cpi	r18, 0x80	; 128
     f2e:	11 f0       	breq	.+4      	; 0xf34 <USB_Device_ProcessControlRequest+0x46>
     f30:	22 38       	cpi	r18, 0x82	; 130
     f32:	f1 f4       	brne	.+60     	; 0xf70 <USB_Device_ProcessControlRequest+0x82>
					(bmRequestType == (REQDIR_DEVICETOHOST | REQTYPE_STANDARD | REQREC_ENDPOINT)))
				{
					USB_Device_GetStatus();
     f34:	0e 94 1b 06 	call	0xc36	; 0xc36 <USB_Device_GetStatus>
     f38:	1b c0       	rjmp	.+54     	; 0xf70 <USB_Device_ProcessControlRequest+0x82>
				}

				break;
			case REQ_ClearFeature:
			case REQ_SetFeature:
				if ((bmRequestType == (REQDIR_HOSTTODEVICE | REQTYPE_STANDARD | REQREC_DEVICE)) ||
     f3a:	22 23       	and	r18, r18
     f3c:	11 f0       	breq	.+4      	; 0xf42 <USB_Device_ProcessControlRequest+0x54>
     f3e:	22 30       	cpi	r18, 0x02	; 2
     f40:	b9 f4       	brne	.+46     	; 0xf70 <USB_Device_ProcessControlRequest+0x82>
					(bmRequestType == (REQDIR_HOSTTODEVICE | REQTYPE_STANDARD | REQREC_ENDPOINT)))
				{
					USB_Device_ClearSetFeature();
     f42:	0e 94 4c 06 	call	0xc98	; 0xc98 <USB_Device_ClearSetFeature>
     f46:	14 c0       	rjmp	.+40     	; 0xf70 <USB_Device_ProcessControlRequest+0x82>
				}

				break;
			case REQ_SetAddress:
				if (bmRequestType == (REQDIR_HOSTTODEVICE | REQTYPE_STANDARD | REQREC_DEVICE))
     f48:	21 11       	cpse	r18, r1
     f4a:	12 c0       	rjmp	.+36     	; 0xf70 <USB_Device_ProcessControlRequest+0x82>
				  USB_Device_SetAddress();
     f4c:	0e 94 99 06 	call	0xd32	; 0xd32 <USB_Device_SetAddress>
     f50:	0f c0       	rjmp	.+30     	; 0xf70 <USB_Device_ProcessControlRequest+0x82>

				break;
			case REQ_GetDescriptor:
				if ((bmRequestType == (REQDIR_DEVICETOHOST | REQTYPE_STANDARD | REQREC_DEVICE)) ||
     f52:	20 58       	subi	r18, 0x80	; 128
     f54:	22 30       	cpi	r18, 0x02	; 2
     f56:	60 f4       	brcc	.+24     	; 0xf70 <USB_Device_ProcessControlRequest+0x82>
					(bmRequestType == (REQDIR_DEVICETOHOST | REQTYPE_STANDARD | REQREC_INTERFACE)))
				{
					USB_Device_GetDescriptor();
     f58:	0e 94 1e 07 	call	0xe3c	; 0xe3c <USB_Device_GetDescriptor>
     f5c:	09 c0       	rjmp	.+18     	; 0xf70 <USB_Device_ProcessControlRequest+0x82>
				}

				break;
			case REQ_GetConfiguration:
				if (bmRequestType == (REQDIR_DEVICETOHOST | REQTYPE_STANDARD | REQREC_DEVICE))
     f5e:	20 38       	cpi	r18, 0x80	; 128
     f60:	39 f4       	brne	.+14     	; 0xf70 <USB_Device_ProcessControlRequest+0x82>
				  USB_Device_GetConfiguration();
     f62:	0e 94 bc 06 	call	0xd78	; 0xd78 <USB_Device_GetConfiguration>
     f66:	04 c0       	rjmp	.+8      	; 0xf70 <USB_Device_ProcessControlRequest+0x82>

				break;
			case REQ_SetConfiguration:
				if (bmRequestType == (REQDIR_HOSTTODEVICE | REQTYPE_STANDARD | REQREC_DEVICE))
     f68:	21 11       	cpse	r18, r1
     f6a:	02 c0       	rjmp	.+4      	; 0xf70 <USB_Device_ProcessControlRequest+0x82>
				  USB_Device_SetConfiguration();
     f6c:	0e 94 51 07 	call	0xea2	; 0xea2 <USB_Device_SetConfiguration>
     f70:	80 91 e8 00 	lds	r24, 0x00E8	; 0x8000e8 <__TEXT_REGION_LENGTH__+0x7f80e8>
			default:
				break;
		}
	}

	if (Endpoint_IsSETUPReceived())
     f74:	83 ff       	sbrs	r24, 3
     f76:	0a c0       	rjmp	.+20     	; 0xf8c <USB_Device_ProcessControlRequest+0x9e>
			 *  \note This is not applicable for non CONTROL type endpoints.
			 */
			static inline void Endpoint_ClearSETUP(void) ATTR_ALWAYS_INLINE;
			static inline void Endpoint_ClearSETUP(void)
			{
				UEINTX &= ~(1 << RXSTPI);
     f78:	e8 ee       	ldi	r30, 0xE8	; 232
     f7a:	f0 e0       	ldi	r31, 0x00	; 0
     f7c:	80 81       	ld	r24, Z
     f7e:	87 7f       	andi	r24, 0xF7	; 247
     f80:	80 83       	st	Z, r24
			 *  \ingroup Group_EndpointPacketManagement_AVR8
			 */
			static inline void Endpoint_StallTransaction(void) ATTR_ALWAYS_INLINE;
			static inline void Endpoint_StallTransaction(void)
			{
				UECONX |= (1 << STALLRQ);
     f82:	eb ee       	ldi	r30, 0xEB	; 235
     f84:	f0 e0       	ldi	r31, 0x00	; 0
     f86:	80 81       	ld	r24, Z
     f88:	80 62       	ori	r24, 0x20	; 32
     f8a:	80 83       	st	Z, r24
     f8c:	08 95       	ret

00000f8e <USB_Event_Stub>:
#define  __INCLUDE_FROM_EVENTS_C
#define  __INCLUDE_FROM_USB_DRIVER
#include "Events.h"

void USB_Event_Stub(void)
{
     f8e:	08 95       	ret

00000f90 <USB_DeviceTask>:
	#endif
}

#if defined(USB_CAN_BE_DEVICE)
static void USB_DeviceTask(void)
{
     f90:	cf 93       	push	r28
	if (USB_DeviceState == DEVICE_STATE_Unattached)
     f92:	80 91 1d 09 	lds	r24, 0x091D	; 0x80091d <USB_DeviceState>
     f96:	88 23       	and	r24, r24
     f98:	a1 f0       	breq	.+40     	; 0xfc2 <USB_DeviceTask+0x32>
			 */
			static inline uint8_t Endpoint_GetCurrentEndpoint(void) ATTR_WARN_UNUSED_RESULT ATTR_ALWAYS_INLINE;
			static inline uint8_t Endpoint_GetCurrentEndpoint(void)
			{
				#if !defined(CONTROL_ONLY_DEVICE)
					return ((UENUM & ENDPOINT_EPNUM_MASK) | Endpoint_GetEndpointDirection());
     f9a:	c0 91 e9 00 	lds	r28, 0x00E9	; 0x8000e9 <__TEXT_REGION_LENGTH__+0x7f80e9>
     f9e:	cf 70       	andi	r28, 0x0F	; 15
			 *  \return The currently selected endpoint's direction, as a \c ENDPOINT_DIR_* mask.
			 */
			static inline uint8_t Endpoint_GetEndpointDirection(void) ATTR_WARN_UNUSED_RESULT ATTR_ALWAYS_INLINE;
			static inline uint8_t Endpoint_GetEndpointDirection(void)
			{
				return (UECFG0X & (1 << EPDIR)) ? ENDPOINT_DIR_IN : ENDPOINT_DIR_OUT;
     fa0:	80 91 ec 00 	lds	r24, 0x00EC	; 0x8000ec <__TEXT_REGION_LENGTH__+0x7f80ec>
     fa4:	98 2f       	mov	r25, r24
     fa6:	91 70       	andi	r25, 0x01	; 1
     fa8:	80 fd       	sbrc	r24, 0
     faa:	90 e8       	ldi	r25, 0x80	; 128
			 */
			static inline uint8_t Endpoint_GetCurrentEndpoint(void) ATTR_WARN_UNUSED_RESULT ATTR_ALWAYS_INLINE;
			static inline uint8_t Endpoint_GetCurrentEndpoint(void)
			{
				#if !defined(CONTROL_ONLY_DEVICE)
					return ((UENUM & ENDPOINT_EPNUM_MASK) | Endpoint_GetEndpointDirection());
     fac:	c9 2b       	or	r28, r25
			 */
			static inline void Endpoint_SelectEndpoint(const uint8_t Address) ATTR_ALWAYS_INLINE;
			static inline void Endpoint_SelectEndpoint(const uint8_t Address)
			{
				#if !defined(CONTROL_ONLY_DEVICE)
					UENUM = (Address & ENDPOINT_EPNUM_MASK);
     fae:	10 92 e9 00 	sts	0x00E9, r1	; 0x8000e9 <__TEXT_REGION_LENGTH__+0x7f80e9>
			 *  \return Boolean \c true if the selected endpoint has received a SETUP packet, \c false otherwise.
			 */
			static inline bool Endpoint_IsSETUPReceived(void) ATTR_WARN_UNUSED_RESULT ATTR_ALWAYS_INLINE;
			static inline bool Endpoint_IsSETUPReceived(void)
			{
				return ((UEINTX & (1 << RXSTPI)) ? true : false);
     fb2:	80 91 e8 00 	lds	r24, 0x00E8	; 0x8000e8 <__TEXT_REGION_LENGTH__+0x7f80e8>

	uint8_t PrevEndpoint = Endpoint_GetCurrentEndpoint();

	Endpoint_SelectEndpoint(ENDPOINT_CONTROLEP);

	if (Endpoint_IsSETUPReceived())
     fb6:	83 fd       	sbrc	r24, 3
	  USB_Device_ProcessControlRequest();
     fb8:	0e 94 77 07 	call	0xeee	; 0xeee <USB_Device_ProcessControlRequest>
			 */
			static inline void Endpoint_SelectEndpoint(const uint8_t Address) ATTR_ALWAYS_INLINE;
			static inline void Endpoint_SelectEndpoint(const uint8_t Address)
			{
				#if !defined(CONTROL_ONLY_DEVICE)
					UENUM = (Address & ENDPOINT_EPNUM_MASK);
     fbc:	cf 70       	andi	r28, 0x0F	; 15
     fbe:	c0 93 e9 00 	sts	0x00E9, r28	; 0x8000e9 <__TEXT_REGION_LENGTH__+0x7f80e9>

	Endpoint_SelectEndpoint(PrevEndpoint);
}
     fc2:	cf 91       	pop	r28
     fc4:	08 95       	ret

00000fc6 <USB_USBTask>:
		else if (USB_CurrentMode == USB_MODE_Host)
		  USB_HostTask();
	#elif defined(USB_CAN_BE_HOST)
		USB_HostTask();
	#elif defined(USB_CAN_BE_DEVICE)
		USB_DeviceTask();
     fc6:	0e 94 c8 07 	call	0xf90	; 0xf90 <USB_DeviceTask>
     fca:	08 95       	ret

00000fcc <HID_Device_ProcessControlRequest>:
#define  __INCLUDE_FROM_HID_DRIVER
#define  __INCLUDE_FROM_HID_DEVICE_C
#include "HIDClassDevice.h"

void HID_Device_ProcessControlRequest(USB_ClassInfo_HID_Device_t* const HIDInterfaceInfo)
{
     fcc:	3f 92       	push	r3
     fce:	4f 92       	push	r4
     fd0:	5f 92       	push	r5
     fd2:	6f 92       	push	r6
     fd4:	7f 92       	push	r7
     fd6:	8f 92       	push	r8
     fd8:	9f 92       	push	r9
     fda:	af 92       	push	r10
     fdc:	bf 92       	push	r11
     fde:	cf 92       	push	r12
     fe0:	df 92       	push	r13
     fe2:	ef 92       	push	r14
     fe4:	ff 92       	push	r15
     fe6:	0f 93       	push	r16
     fe8:	1f 93       	push	r17
     fea:	cf 93       	push	r28
     fec:	df 93       	push	r29
     fee:	00 d0       	rcall	.+0      	; 0xff0 <HID_Device_ProcessControlRequest+0x24>
     ff0:	1f 92       	push	r1
     ff2:	cd b7       	in	r28, 0x3d	; 61
     ff4:	de b7       	in	r29, 0x3e	; 62
     ff6:	6c 01       	movw	r12, r24
				Endpoint_ClearStatusStage();
			}

			break;
	}
}
     ff8:	ed b6       	in	r14, 0x3d	; 61
     ffa:	fe b6       	in	r15, 0x3e	; 62
			 *  \return Boolean \c true if the selected endpoint has received a SETUP packet, \c false otherwise.
			 */
			static inline bool Endpoint_IsSETUPReceived(void) ATTR_WARN_UNUSED_RESULT ATTR_ALWAYS_INLINE;
			static inline bool Endpoint_IsSETUPReceived(void)
			{
				return ((UEINTX & (1 << RXSTPI)) ? true : false);
     ffc:	80 91 e8 00 	lds	r24, 0x00E8	; 0x8000e8 <__TEXT_REGION_LENGTH__+0x7f80e8>
#define  __INCLUDE_FROM_HID_DEVICE_C
#include "HIDClassDevice.h"

void HID_Device_ProcessControlRequest(USB_ClassInfo_HID_Device_t* const HIDInterfaceInfo)
{
	if (!(Endpoint_IsSETUPReceived()))
    1000:	83 ff       	sbrs	r24, 3
    1002:	27 c1       	rjmp	.+590    	; 0x1252 <HID_Device_ProcessControlRequest+0x286>
	  return;

	if (USB_ControlRequest.wIndex != HIDInterfaceInfo->Config.InterfaceNumber)
    1004:	20 91 22 09 	lds	r18, 0x0922	; 0x800922 <USB_ControlRequest+0x4>
    1008:	30 91 23 09 	lds	r19, 0x0923	; 0x800923 <USB_ControlRequest+0x5>
    100c:	f6 01       	movw	r30, r12
    100e:	80 81       	ld	r24, Z
    1010:	90 e0       	ldi	r25, 0x00	; 0
    1012:	28 17       	cp	r18, r24
    1014:	39 07       	cpc	r19, r25
    1016:	09 f0       	breq	.+2      	; 0x101a <HID_Device_ProcessControlRequest+0x4e>
    1018:	1c c1       	rjmp	.+568    	; 0x1252 <HID_Device_ProcessControlRequest+0x286>
	  return;

	switch (USB_ControlRequest.bRequest)
    101a:	80 91 1f 09 	lds	r24, 0x091F	; 0x80091f <USB_ControlRequest+0x1>
    101e:	83 30       	cpi	r24, 0x03	; 3
    1020:	09 f4       	brne	.+2      	; 0x1024 <HID_Device_ProcessControlRequest+0x58>
    1022:	ae c0       	rjmp	.+348    	; 0x1180 <HID_Device_ProcessControlRequest+0x1b4>
    1024:	30 f4       	brcc	.+12     	; 0x1032 <HID_Device_ProcessControlRequest+0x66>
    1026:	81 30       	cpi	r24, 0x01	; 1
    1028:	71 f0       	breq	.+28     	; 0x1046 <HID_Device_ProcessControlRequest+0x7a>
    102a:	82 30       	cpi	r24, 0x02	; 2
    102c:	09 f4       	brne	.+2      	; 0x1030 <HID_Device_ProcessControlRequest+0x64>
    102e:	f4 c0       	rjmp	.+488    	; 0x1218 <HID_Device_ProcessControlRequest+0x24c>
    1030:	10 c1       	rjmp	.+544    	; 0x1252 <HID_Device_ProcessControlRequest+0x286>
    1032:	8a 30       	cpi	r24, 0x0A	; 10
    1034:	09 f4       	brne	.+2      	; 0x1038 <HID_Device_ProcessControlRequest+0x6c>
    1036:	d3 c0       	rjmp	.+422    	; 0x11de <HID_Device_ProcessControlRequest+0x212>
    1038:	8b 30       	cpi	r24, 0x0B	; 11
    103a:	09 f4       	brne	.+2      	; 0x103e <HID_Device_ProcessControlRequest+0x72>
    103c:	bb c0       	rjmp	.+374    	; 0x11b4 <HID_Device_ProcessControlRequest+0x1e8>
    103e:	89 30       	cpi	r24, 0x09	; 9
    1040:	09 f0       	breq	.+2      	; 0x1044 <HID_Device_ProcessControlRequest+0x78>
    1042:	07 c1       	rjmp	.+526    	; 0x1252 <HID_Device_ProcessControlRequest+0x286>
    1044:	54 c0       	rjmp	.+168    	; 0x10ee <HID_Device_ProcessControlRequest+0x122>
	{
		case HID_REQ_GetReport:
			if (USB_ControlRequest.bmRequestType == (REQDIR_DEVICETOHOST | REQTYPE_CLASS | REQREC_INTERFACE))
    1046:	80 91 1e 09 	lds	r24, 0x091E	; 0x80091e <USB_ControlRequest>
    104a:	81 3a       	cpi	r24, 0xA1	; 161
    104c:	09 f0       	breq	.+2      	; 0x1050 <HID_Device_ProcessControlRequest+0x84>
    104e:	01 c1       	rjmp	.+514    	; 0x1252 <HID_Device_ProcessControlRequest+0x286>
			{
    1050:	ad b6       	in	r10, 0x3d	; 61
    1052:	be b6       	in	r11, 0x3e	; 62
				uint16_t ReportSize = 0;
    1054:	1a 82       	std	Y+2, r1	; 0x02
    1056:	19 82       	std	Y+1, r1	; 0x01
				uint8_t  ReportID   = (USB_ControlRequest.wValue & 0xFF);
    1058:	ee e1       	ldi	r30, 0x1E	; 30
    105a:	f9 e0       	ldi	r31, 0x09	; 9
    105c:	82 81       	ldd	r24, Z+2	; 0x02
    105e:	73 80       	ldd	r7, Z+3	; 0x03
    1060:	8b 83       	std	Y+3, r24	; 0x03
				uint8_t  ReportType = (USB_ControlRequest.wValue >> 8) - 1;
    1062:	7a 94       	dec	r7
				uint8_t  ReportData[HIDInterfaceInfo->Config.PrevReportINBufferSize];
    1064:	f6 01       	movw	r30, r12
    1066:	40 85       	ldd	r20, Z+8	; 0x08
    1068:	50 e0       	ldi	r21, 0x00	; 0
    106a:	8d b7       	in	r24, 0x3d	; 61
    106c:	9e b7       	in	r25, 0x3e	; 62
    106e:	84 1b       	sub	r24, r20
    1070:	95 0b       	sbc	r25, r21
    1072:	0f b6       	in	r0, 0x3f	; 63
    1074:	f8 94       	cli
    1076:	9e bf       	out	0x3e, r25	; 62
    1078:	0f be       	out	0x3f, r0	; 63
    107a:	8d bf       	out	0x3d, r24	; 61
    107c:	ed b7       	in	r30, 0x3d	; 61
    107e:	fe b7       	in	r31, 0x3e	; 62
    1080:	31 96       	adiw	r30, 0x01	; 1
    1082:	4f 01       	movw	r8, r30

				memset(ReportData, 0, sizeof(ReportData));
    1084:	60 e0       	ldi	r22, 0x00	; 0
    1086:	70 e0       	ldi	r23, 0x00	; 0
    1088:	cf 01       	movw	r24, r30
    108a:	0e 94 38 0a 	call	0x1470	; 0x1470 <memset>

				CALLBACK_HID_Device_CreateHIDReport(HIDInterfaceInfo, &ReportID, ReportType, ReportData, &ReportSize);
    108e:	8e 01       	movw	r16, r28
    1090:	0f 5f       	subi	r16, 0xFF	; 255
    1092:	1f 4f       	sbci	r17, 0xFF	; 255
    1094:	94 01       	movw	r18, r8
    1096:	47 2d       	mov	r20, r7
    1098:	be 01       	movw	r22, r28
    109a:	6d 5f       	subi	r22, 0xFD	; 253
    109c:	7f 4f       	sbci	r23, 0xFF	; 255
    109e:	c6 01       	movw	r24, r12
    10a0:	0e 94 a6 01 	call	0x34c	; 0x34c <CALLBACK_HID_Device_CreateHIDReport>

				if (HIDInterfaceInfo->Config.PrevReportINBuffer != NULL)
    10a4:	f6 01       	movw	r30, r12
    10a6:	86 81       	ldd	r24, Z+6	; 0x06
    10a8:	97 81       	ldd	r25, Z+7	; 0x07
    10aa:	00 97       	sbiw	r24, 0x00	; 0
    10ac:	29 f0       	breq	.+10     	; 0x10b8 <HID_Device_ProcessControlRequest+0xec>
				{
					memcpy(HIDInterfaceInfo->Config.PrevReportINBuffer, ReportData,
					       HIDInterfaceInfo->Config.PrevReportINBufferSize);
    10ae:	40 85       	ldd	r20, Z+8	; 0x08

				CALLBACK_HID_Device_CreateHIDReport(HIDInterfaceInfo, &ReportID, ReportType, ReportData, &ReportSize);

				if (HIDInterfaceInfo->Config.PrevReportINBuffer != NULL)
				{
					memcpy(HIDInterfaceInfo->Config.PrevReportINBuffer, ReportData,
    10b0:	50 e0       	ldi	r21, 0x00	; 0
    10b2:	b4 01       	movw	r22, r8
    10b4:	0e 94 2f 0a 	call	0x145e	; 0x145e <memcpy>
			 */
			static inline void Endpoint_SelectEndpoint(const uint8_t Address) ATTR_ALWAYS_INLINE;
			static inline void Endpoint_SelectEndpoint(const uint8_t Address)
			{
				#if !defined(CONTROL_ONLY_DEVICE)
					UENUM = (Address & ENDPOINT_EPNUM_MASK);
    10b8:	10 92 e9 00 	sts	0x00E9, r1	; 0x8000e9 <__TEXT_REGION_LENGTH__+0x7f80e9>
			 *  \note This is not applicable for non CONTROL type endpoints.
			 */
			static inline void Endpoint_ClearSETUP(void) ATTR_ALWAYS_INLINE;
			static inline void Endpoint_ClearSETUP(void)
			{
				UEINTX &= ~(1 << RXSTPI);
    10bc:	e8 ee       	ldi	r30, 0xE8	; 232
    10be:	f0 e0       	ldi	r31, 0x00	; 0
    10c0:	80 81       	ld	r24, Z
    10c2:	87 7f       	andi	r24, 0xF7	; 247
    10c4:	80 83       	st	Z, r24

				Endpoint_SelectEndpoint(ENDPOINT_CONTROLEP);

				Endpoint_ClearSETUP();

				if (ReportID)
    10c6:	8b 81       	ldd	r24, Y+3	; 0x03
    10c8:	81 11       	cpse	r24, r1
			 *  \param[in] Data  Data to write into the the currently selected endpoint's FIFO buffer.
			 */
			static inline void Endpoint_Write_8(const uint8_t Data) ATTR_ALWAYS_INLINE;
			static inline void Endpoint_Write_8(const uint8_t Data)
			{
				UEDATX = Data;
    10ca:	80 93 f1 00 	sts	0x00F1, r24	; 0x8000f1 <__TEXT_REGION_LENGTH__+0x7f80f1>
				  Endpoint_Write_8(ReportID);

				Endpoint_Write_Control_Stream_LE(ReportData, ReportSize);
    10ce:	69 81       	ldd	r22, Y+1	; 0x01
    10d0:	7a 81       	ldd	r23, Y+2	; 0x02
    10d2:	c4 01       	movw	r24, r8
    10d4:	0e 94 f9 02 	call	0x5f2	; 0x5f2 <Endpoint_Write_Control_Stream_LE>
			 */
			static inline void Endpoint_ClearOUT(void) ATTR_ALWAYS_INLINE;
			static inline void Endpoint_ClearOUT(void)
			{
				#if !defined(CONTROL_ONLY_DEVICE)
					UEINTX &= ~((1 << RXOUTI) | (1 << FIFOCON));
    10d8:	e8 ee       	ldi	r30, 0xE8	; 232
    10da:	f0 e0       	ldi	r31, 0x00	; 0
    10dc:	80 81       	ld	r24, Z
    10de:	8b 77       	andi	r24, 0x7B	; 123
    10e0:	80 83       	st	Z, r24
    10e2:	0f b6       	in	r0, 0x3f	; 63
    10e4:	f8 94       	cli
    10e6:	be be       	out	0x3e, r11	; 62
    10e8:	0f be       	out	0x3f, r0	; 63
    10ea:	ad be       	out	0x3d, r10	; 61
    10ec:	b2 c0       	rjmp	.+356    	; 0x1252 <HID_Device_ProcessControlRequest+0x286>
				Endpoint_ClearOUT();
			}

			break;
		case HID_REQ_SetReport:
			if (USB_ControlRequest.bmRequestType == (REQDIR_HOSTTODEVICE | REQTYPE_CLASS | REQREC_INTERFACE))
    10ee:	80 91 1e 09 	lds	r24, 0x091E	; 0x80091e <USB_ControlRequest>
    10f2:	81 32       	cpi	r24, 0x21	; 33
    10f4:	09 f0       	breq	.+2      	; 0x10f8 <HID_Device_ProcessControlRequest+0x12c>
    10f6:	ad c0       	rjmp	.+346    	; 0x1252 <HID_Device_ProcessControlRequest+0x286>
			{
    10f8:	6d b6       	in	r6, 0x3d	; 61
    10fa:	7e b6       	in	r7, 0x3e	; 62
				uint16_t ReportSize = USB_ControlRequest.wLength;
    10fc:	ee e1       	ldi	r30, 0x1E	; 30
    10fe:	f9 e0       	ldi	r31, 0x09	; 9
    1100:	06 81       	ldd	r16, Z+6	; 0x06
    1102:	17 81       	ldd	r17, Z+7	; 0x07
				uint8_t  ReportID   = (USB_ControlRequest.wValue & 0xFF);
    1104:	42 80       	ldd	r4, Z+2	; 0x02
    1106:	53 80       	ldd	r5, Z+3	; 0x03
    1108:	34 2c       	mov	r3, r4
				uint8_t  ReportType = (USB_ControlRequest.wValue >> 8) - 1;
    110a:	5a 94       	dec	r5
				uint8_t  ReportData[ReportSize];
    110c:	8d b7       	in	r24, 0x3d	; 61
    110e:	9e b7       	in	r25, 0x3e	; 62
    1110:	80 1b       	sub	r24, r16
    1112:	91 0b       	sbc	r25, r17
    1114:	0f b6       	in	r0, 0x3f	; 63
    1116:	f8 94       	cli
    1118:	9e bf       	out	0x3e, r25	; 62
    111a:	0f be       	out	0x3f, r0	; 63
    111c:	8d bf       	out	0x3d, r24	; 61
    111e:	ed b7       	in	r30, 0x3d	; 61
    1120:	fe b7       	in	r31, 0x3e	; 62
    1122:	31 96       	adiw	r30, 0x01	; 1
    1124:	4f 01       	movw	r8, r30
			 *  \note This is not applicable for non CONTROL type endpoints.
			 */
			static inline void Endpoint_ClearSETUP(void) ATTR_ALWAYS_INLINE;
			static inline void Endpoint_ClearSETUP(void)
			{
				UEINTX &= ~(1 << RXSTPI);
    1126:	0f 2e       	mov	r0, r31
    1128:	f8 ee       	ldi	r31, 0xE8	; 232
    112a:	af 2e       	mov	r10, r31
    112c:	b1 2c       	mov	r11, r1
    112e:	f0 2d       	mov	r31, r0
    1130:	f5 01       	movw	r30, r10
    1132:	80 81       	ld	r24, Z
    1134:	87 7f       	andi	r24, 0xF7	; 247
    1136:	80 83       	st	Z, r24

				Endpoint_ClearSETUP();
				Endpoint_Read_Control_Stream_LE(ReportData, ReportSize);
    1138:	b8 01       	movw	r22, r16
    113a:	c4 01       	movw	r24, r8
    113c:	0e 94 63 03 	call	0x6c6	; 0x6c6 <Endpoint_Read_Control_Stream_LE>
			 */
			static inline void Endpoint_ClearIN(void) ATTR_ALWAYS_INLINE;
			static inline void Endpoint_ClearIN(void)
			{
				#if !defined(CONTROL_ONLY_DEVICE)
					UEINTX &= ~((1 << TXINI) | (1 << FIFOCON));
    1140:	f5 01       	movw	r30, r10
    1142:	80 81       	ld	r24, Z
    1144:	8e 77       	andi	r24, 0x7E	; 126
    1146:	80 83       	st	Z, r24
				Endpoint_ClearIN();

				CALLBACK_HID_Device_ProcessHIDReport(HIDInterfaceInfo, ReportID, ReportType,
    1148:	44 20       	and	r4, r4
    114a:	19 f0       	breq	.+6      	; 0x1152 <HID_Device_ProcessControlRequest+0x186>
    114c:	81 e0       	ldi	r24, 0x01	; 1
    114e:	90 e0       	ldi	r25, 0x00	; 0
    1150:	02 c0       	rjmp	.+4      	; 0x1156 <HID_Device_ProcessControlRequest+0x18a>
    1152:	80 e0       	ldi	r24, 0x00	; 0
    1154:	90 e0       	ldi	r25, 0x00	; 0
				                                     &ReportData[ReportID ? 1 : 0], ReportSize - (ReportID ? 1 : 0));
    1156:	21 e0       	ldi	r18, 0x01	; 1
    1158:	30 e0       	ldi	r19, 0x00	; 0
    115a:	31 10       	cpse	r3, r1
    115c:	02 c0       	rjmp	.+4      	; 0x1162 <HID_Device_ProcessControlRequest+0x196>
    115e:	20 e0       	ldi	r18, 0x00	; 0
    1160:	30 e0       	ldi	r19, 0x00	; 0
    1162:	28 0d       	add	r18, r8
    1164:	39 1d       	adc	r19, r9

				Endpoint_ClearSETUP();
				Endpoint_Read_Control_Stream_LE(ReportData, ReportSize);
				Endpoint_ClearIN();

				CALLBACK_HID_Device_ProcessHIDReport(HIDInterfaceInfo, ReportID, ReportType,
    1166:	08 1b       	sub	r16, r24
    1168:	19 0b       	sbc	r17, r25
    116a:	45 2d       	mov	r20, r5
    116c:	64 2d       	mov	r22, r4
    116e:	c6 01       	movw	r24, r12
    1170:	0e 94 f2 01 	call	0x3e4	; 0x3e4 <CALLBACK_HID_Device_ProcessHIDReport>
    1174:	0f b6       	in	r0, 0x3f	; 63
    1176:	f8 94       	cli
    1178:	7e be       	out	0x3e, r7	; 62
    117a:	0f be       	out	0x3f, r0	; 63
    117c:	6d be       	out	0x3d, r6	; 61
    117e:	69 c0       	rjmp	.+210    	; 0x1252 <HID_Device_ProcessControlRequest+0x286>
				                                     &ReportData[ReportID ? 1 : 0], ReportSize - (ReportID ? 1 : 0));
			}

			break;
		case HID_REQ_GetProtocol:
			if (USB_ControlRequest.bmRequestType == (REQDIR_DEVICETOHOST | REQTYPE_CLASS | REQREC_INTERFACE))
    1180:	80 91 1e 09 	lds	r24, 0x091E	; 0x80091e <USB_ControlRequest>
    1184:	81 3a       	cpi	r24, 0xA1	; 161
    1186:	09 f0       	breq	.+2      	; 0x118a <HID_Device_ProcessControlRequest+0x1be>
    1188:	64 c0       	rjmp	.+200    	; 0x1252 <HID_Device_ProcessControlRequest+0x286>
			 *  \note This is not applicable for non CONTROL type endpoints.
			 */
			static inline void Endpoint_ClearSETUP(void) ATTR_ALWAYS_INLINE;
			static inline void Endpoint_ClearSETUP(void)
			{
				UEINTX &= ~(1 << RXSTPI);
    118a:	e8 ee       	ldi	r30, 0xE8	; 232
    118c:	f0 e0       	ldi	r31, 0x00	; 0
    118e:	80 81       	ld	r24, Z
    1190:	87 7f       	andi	r24, 0xF7	; 247
    1192:	80 83       	st	Z, r24
			 *  \return Boolean \c true if the current endpoint is ready for an IN packet, \c false otherwise.
			 */
			static inline bool Endpoint_IsINReady(void) ATTR_WARN_UNUSED_RESULT ATTR_ALWAYS_INLINE;
			static inline bool Endpoint_IsINReady(void)
			{
				return ((UEINTX & (1 << TXINI)) ? true : false);
    1194:	80 91 e8 00 	lds	r24, 0x00E8	; 0x8000e8 <__TEXT_REGION_LENGTH__+0x7f80e8>
			{
				Endpoint_ClearSETUP();
				while (!(Endpoint_IsINReady()));
    1198:	80 ff       	sbrs	r24, 0
    119a:	fc cf       	rjmp	.-8      	; 0x1194 <HID_Device_ProcessControlRequest+0x1c8>
				Endpoint_Write_8(HIDInterfaceInfo->State.UsingReportProtocol);
    119c:	f6 01       	movw	r30, r12
    119e:	81 85       	ldd	r24, Z+9	; 0x09
			 *  \param[in] Data  Data to write into the the currently selected endpoint's FIFO buffer.
			 */
			static inline void Endpoint_Write_8(const uint8_t Data) ATTR_ALWAYS_INLINE;
			static inline void Endpoint_Write_8(const uint8_t Data)
			{
				UEDATX = Data;
    11a0:	80 93 f1 00 	sts	0x00F1, r24	; 0x8000f1 <__TEXT_REGION_LENGTH__+0x7f80f1>
			 */
			static inline void Endpoint_ClearIN(void) ATTR_ALWAYS_INLINE;
			static inline void Endpoint_ClearIN(void)
			{
				#if !defined(CONTROL_ONLY_DEVICE)
					UEINTX &= ~((1 << TXINI) | (1 << FIFOCON));
    11a4:	e8 ee       	ldi	r30, 0xE8	; 232
    11a6:	f0 e0       	ldi	r31, 0x00	; 0
    11a8:	80 81       	ld	r24, Z
    11aa:	8e 77       	andi	r24, 0x7E	; 126
    11ac:	80 83       	st	Z, r24
				Endpoint_ClearIN();
				Endpoint_ClearStatusStage();
    11ae:	0e 94 94 04 	call	0x928	; 0x928 <Endpoint_ClearStatusStage>
    11b2:	4f c0       	rjmp	.+158    	; 0x1252 <HID_Device_ProcessControlRequest+0x286>
			}

			break;
		case HID_REQ_SetProtocol:
			if (USB_ControlRequest.bmRequestType == (REQDIR_HOSTTODEVICE | REQTYPE_CLASS | REQREC_INTERFACE))
    11b4:	80 91 1e 09 	lds	r24, 0x091E	; 0x80091e <USB_ControlRequest>
    11b8:	81 32       	cpi	r24, 0x21	; 33
    11ba:	09 f0       	breq	.+2      	; 0x11be <HID_Device_ProcessControlRequest+0x1f2>
    11bc:	4a c0       	rjmp	.+148    	; 0x1252 <HID_Device_ProcessControlRequest+0x286>
			 *  \note This is not applicable for non CONTROL type endpoints.
			 */
			static inline void Endpoint_ClearSETUP(void) ATTR_ALWAYS_INLINE;
			static inline void Endpoint_ClearSETUP(void)
			{
				UEINTX &= ~(1 << RXSTPI);
    11be:	e8 ee       	ldi	r30, 0xE8	; 232
    11c0:	f0 e0       	ldi	r31, 0x00	; 0
    11c2:	80 81       	ld	r24, Z
    11c4:	87 7f       	andi	r24, 0xF7	; 247
    11c6:	80 83       	st	Z, r24
			{
				Endpoint_ClearSETUP();
				Endpoint_ClearStatusStage();
    11c8:	0e 94 94 04 	call	0x928	; 0x928 <Endpoint_ClearStatusStage>

				HIDInterfaceInfo->State.UsingReportProtocol = ((USB_ControlRequest.wValue & 0xFF) != 0x00);
    11cc:	90 91 20 09 	lds	r25, 0x0920	; 0x800920 <USB_ControlRequest+0x2>
    11d0:	81 e0       	ldi	r24, 0x01	; 1
    11d2:	91 11       	cpse	r25, r1
    11d4:	01 c0       	rjmp	.+2      	; 0x11d8 <HID_Device_ProcessControlRequest+0x20c>
    11d6:	80 e0       	ldi	r24, 0x00	; 0
    11d8:	f6 01       	movw	r30, r12
    11da:	81 87       	std	Z+9, r24	; 0x09
    11dc:	3a c0       	rjmp	.+116    	; 0x1252 <HID_Device_ProcessControlRequest+0x286>
			}

			break;
		case HID_REQ_SetIdle:
			if (USB_ControlRequest.bmRequestType == (REQDIR_HOSTTODEVICE | REQTYPE_CLASS | REQREC_INTERFACE))
    11de:	80 91 1e 09 	lds	r24, 0x091E	; 0x80091e <USB_ControlRequest>
    11e2:	81 32       	cpi	r24, 0x21	; 33
    11e4:	b1 f5       	brne	.+108    	; 0x1252 <HID_Device_ProcessControlRequest+0x286>
    11e6:	e8 ee       	ldi	r30, 0xE8	; 232
    11e8:	f0 e0       	ldi	r31, 0x00	; 0
    11ea:	80 81       	ld	r24, Z
    11ec:	87 7f       	andi	r24, 0xF7	; 247
    11ee:	80 83       	st	Z, r24
			{
				Endpoint_ClearSETUP();
				Endpoint_ClearStatusStage();
    11f0:	0e 94 94 04 	call	0x928	; 0x928 <Endpoint_ClearStatusStage>

				HIDInterfaceInfo->State.IdleCount = ((USB_ControlRequest.wValue & 0xFF00) >> 6);
    11f4:	80 91 20 09 	lds	r24, 0x0920	; 0x800920 <USB_ControlRequest+0x2>
    11f8:	90 91 21 09 	lds	r25, 0x0921	; 0x800921 <USB_ControlRequest+0x3>
    11fc:	88 27       	eor	r24, r24
    11fe:	00 24       	eor	r0, r0
    1200:	88 0f       	add	r24, r24
    1202:	99 1f       	adc	r25, r25
    1204:	00 1c       	adc	r0, r0
    1206:	88 0f       	add	r24, r24
    1208:	99 1f       	adc	r25, r25
    120a:	00 1c       	adc	r0, r0
    120c:	89 2f       	mov	r24, r25
    120e:	90 2d       	mov	r25, r0
    1210:	f6 01       	movw	r30, r12
    1212:	95 87       	std	Z+13, r25	; 0x0d
    1214:	84 87       	std	Z+12, r24	; 0x0c
    1216:	1d c0       	rjmp	.+58     	; 0x1252 <HID_Device_ProcessControlRequest+0x286>
			}

			break;
		case HID_REQ_GetIdle:
			if (USB_ControlRequest.bmRequestType == (REQDIR_DEVICETOHOST | REQTYPE_CLASS | REQREC_INTERFACE))
    1218:	80 91 1e 09 	lds	r24, 0x091E	; 0x80091e <USB_ControlRequest>
    121c:	81 3a       	cpi	r24, 0xA1	; 161
    121e:	c9 f4       	brne	.+50     	; 0x1252 <HID_Device_ProcessControlRequest+0x286>
    1220:	e8 ee       	ldi	r30, 0xE8	; 232
    1222:	f0 e0       	ldi	r31, 0x00	; 0
    1224:	80 81       	ld	r24, Z
    1226:	87 7f       	andi	r24, 0xF7	; 247
    1228:	80 83       	st	Z, r24
			 *  \return Boolean \c true if the current endpoint is ready for an IN packet, \c false otherwise.
			 */
			static inline bool Endpoint_IsINReady(void) ATTR_WARN_UNUSED_RESULT ATTR_ALWAYS_INLINE;
			static inline bool Endpoint_IsINReady(void)
			{
				return ((UEINTX & (1 << TXINI)) ? true : false);
    122a:	80 91 e8 00 	lds	r24, 0x00E8	; 0x8000e8 <__TEXT_REGION_LENGTH__+0x7f80e8>
			{
				Endpoint_ClearSETUP();
				while (!(Endpoint_IsINReady()));
    122e:	80 ff       	sbrs	r24, 0
    1230:	fc cf       	rjmp	.-8      	; 0x122a <HID_Device_ProcessControlRequest+0x25e>
				Endpoint_Write_8(HIDInterfaceInfo->State.IdleCount >> 2);
    1232:	f6 01       	movw	r30, r12
    1234:	84 85       	ldd	r24, Z+12	; 0x0c
    1236:	95 85       	ldd	r25, Z+13	; 0x0d
    1238:	96 95       	lsr	r25
    123a:	87 95       	ror	r24
    123c:	96 95       	lsr	r25
    123e:	87 95       	ror	r24
			 *  \param[in] Data  Data to write into the the currently selected endpoint's FIFO buffer.
			 */
			static inline void Endpoint_Write_8(const uint8_t Data) ATTR_ALWAYS_INLINE;
			static inline void Endpoint_Write_8(const uint8_t Data)
			{
				UEDATX = Data;
    1240:	80 93 f1 00 	sts	0x00F1, r24	; 0x8000f1 <__TEXT_REGION_LENGTH__+0x7f80f1>
			 */
			static inline void Endpoint_ClearIN(void) ATTR_ALWAYS_INLINE;
			static inline void Endpoint_ClearIN(void)
			{
				#if !defined(CONTROL_ONLY_DEVICE)
					UEINTX &= ~((1 << TXINI) | (1 << FIFOCON));
    1244:	e8 ee       	ldi	r30, 0xE8	; 232
    1246:	f0 e0       	ldi	r31, 0x00	; 0
    1248:	80 81       	ld	r24, Z
    124a:	8e 77       	andi	r24, 0x7E	; 126
    124c:	80 83       	st	Z, r24
				Endpoint_ClearIN();
				Endpoint_ClearStatusStage();
    124e:	0e 94 94 04 	call	0x928	; 0x928 <Endpoint_ClearStatusStage>
			}

			break;
	}
}
    1252:	0f b6       	in	r0, 0x3f	; 63
    1254:	f8 94       	cli
    1256:	fe be       	out	0x3e, r15	; 62
    1258:	0f be       	out	0x3f, r0	; 63
    125a:	ed be       	out	0x3d, r14	; 61
    125c:	0f 90       	pop	r0
    125e:	0f 90       	pop	r0
    1260:	0f 90       	pop	r0
    1262:	df 91       	pop	r29
    1264:	cf 91       	pop	r28
    1266:	1f 91       	pop	r17
    1268:	0f 91       	pop	r16
    126a:	ff 90       	pop	r15
    126c:	ef 90       	pop	r14
    126e:	df 90       	pop	r13
    1270:	cf 90       	pop	r12
    1272:	bf 90       	pop	r11
    1274:	af 90       	pop	r10
    1276:	9f 90       	pop	r9
    1278:	8f 90       	pop	r8
    127a:	7f 90       	pop	r7
    127c:	6f 90       	pop	r6
    127e:	5f 90       	pop	r5
    1280:	4f 90       	pop	r4
    1282:	3f 90       	pop	r3
    1284:	08 95       	ret

00001286 <HID_Device_ConfigureEndpoints>:

bool HID_Device_ConfigureEndpoints(USB_ClassInfo_HID_Device_t* const HIDInterfaceInfo)
{
	memset(&HIDInterfaceInfo->State, 0x00, sizeof(HIDInterfaceInfo->State));
    1286:	fc 01       	movw	r30, r24
    1288:	39 96       	adiw	r30, 0x09	; 9
    128a:	27 e0       	ldi	r18, 0x07	; 7
    128c:	df 01       	movw	r26, r30
    128e:	1d 92       	st	X+, r1
    1290:	2a 95       	dec	r18
    1292:	e9 f7       	brne	.-6      	; 0x128e <HID_Device_ConfigureEndpoints+0x8>
	HIDInterfaceInfo->State.UsingReportProtocol = true;
    1294:	21 e0       	ldi	r18, 0x01	; 1
    1296:	fc 01       	movw	r30, r24
    1298:	21 87       	std	Z+9, r18	; 0x09
	HIDInterfaceInfo->State.IdleCount           = 500;
    129a:	24 ef       	ldi	r18, 0xF4	; 244
    129c:	31 e0       	ldi	r19, 0x01	; 1
    129e:	35 87       	std	Z+13, r19	; 0x0d
    12a0:	24 87       	std	Z+12, r18	; 0x0c

	HIDInterfaceInfo->Config.ReportINEndpoint.Type = EP_TYPE_INTERRUPT;
    12a2:	23 e0       	ldi	r18, 0x03	; 3
    12a4:	24 83       	std	Z+4, r18	; 0x04

	if (!(Endpoint_ConfigureEndpointTable(&HIDInterfaceInfo->Config.ReportINEndpoint, 1)))
    12a6:	61 e0       	ldi	r22, 0x01	; 1
    12a8:	01 96       	adiw	r24, 0x01	; 1
    12aa:	0e 94 4d 04 	call	0x89a	; 0x89a <Endpoint_ConfigureEndpointTable>
	  return false;

	return true;
}
    12ae:	08 95       	ret

000012b0 <HID_Device_USBTask>:

void HID_Device_USBTask(USB_ClassInfo_HID_Device_t* const HIDInterfaceInfo)
{
    12b0:	5f 92       	push	r5
    12b2:	6f 92       	push	r6
    12b4:	7f 92       	push	r7
    12b6:	8f 92       	push	r8
    12b8:	9f 92       	push	r9
    12ba:	af 92       	push	r10
    12bc:	bf 92       	push	r11
    12be:	cf 92       	push	r12
    12c0:	df 92       	push	r13
    12c2:	ef 92       	push	r14
    12c4:	ff 92       	push	r15
    12c6:	0f 93       	push	r16
    12c8:	1f 93       	push	r17
    12ca:	cf 93       	push	r28
    12cc:	df 93       	push	r29
    12ce:	00 d0       	rcall	.+0      	; 0x12d0 <HID_Device_USBTask+0x20>
    12d0:	1f 92       	push	r1
    12d2:	cd b7       	in	r28, 0x3d	; 61
    12d4:	de b7       	in	r29, 0x3e	; 62
    12d6:	7c 01       	movw	r14, r24
			Endpoint_ClearIN();
		}

		HIDInterfaceInfo->State.PrevFrameNum = USB_Device_GetFrameNumber();
	}
}
    12d8:	ad b6       	in	r10, 0x3d	; 61
    12da:	be b6       	in	r11, 0x3e	; 62
	return true;
}

void HID_Device_USBTask(USB_ClassInfo_HID_Device_t* const HIDInterfaceInfo)
{
	if (USB_DeviceState != DEVICE_STATE_Configured)
    12dc:	80 91 1d 09 	lds	r24, 0x091D	; 0x80091d <USB_DeviceState>
    12e0:	84 30       	cpi	r24, 0x04	; 4
    12e2:	09 f0       	breq	.+2      	; 0x12e6 <HID_Device_USBTask+0x36>
    12e4:	91 c0       	rjmp	.+290    	; 0x1408 <HID_Device_USBTask+0x158>
	  return;

	if (HIDInterfaceInfo->State.PrevFrameNum == USB_Device_GetFrameNumber())
    12e6:	f7 01       	movw	r30, r14
    12e8:	22 85       	ldd	r18, Z+10	; 0x0a
    12ea:	33 85       	ldd	r19, Z+11	; 0x0b
			 *  \return Current USB frame number from the USB controller.
			 */
			static inline uint16_t USB_Device_GetFrameNumber(void) ATTR_ALWAYS_INLINE ATTR_WARN_UNUSED_RESULT;
			static inline uint16_t USB_Device_GetFrameNumber(void)
			{
				return UDFNUM;
    12ec:	80 91 e4 00 	lds	r24, 0x00E4	; 0x8000e4 <__TEXT_REGION_LENGTH__+0x7f80e4>
    12f0:	90 91 e5 00 	lds	r25, 0x00E5	; 0x8000e5 <__TEXT_REGION_LENGTH__+0x7f80e5>
    12f4:	28 17       	cp	r18, r24
    12f6:	39 07       	cpc	r19, r25
    12f8:	09 f4       	brne	.+2      	; 0x12fc <HID_Device_USBTask+0x4c>
    12fa:	86 c0       	rjmp	.+268    	; 0x1408 <HID_Device_USBTask+0x158>
		#else
		return;
		#endif
	}

	Endpoint_SelectEndpoint(HIDInterfaceInfo->Config.ReportINEndpoint.Address);
    12fc:	81 81       	ldd	r24, Z+1	; 0x01
			 */
			static inline void Endpoint_SelectEndpoint(const uint8_t Address) ATTR_ALWAYS_INLINE;
			static inline void Endpoint_SelectEndpoint(const uint8_t Address)
			{
				#if !defined(CONTROL_ONLY_DEVICE)
					UENUM = (Address & ENDPOINT_EPNUM_MASK);
    12fe:	8f 70       	andi	r24, 0x0F	; 15
    1300:	80 93 e9 00 	sts	0x00E9, r24	; 0x8000e9 <__TEXT_REGION_LENGTH__+0x7f80e9>
			 *          on its direction.
			 */
			static inline bool Endpoint_IsReadWriteAllowed(void) ATTR_WARN_UNUSED_RESULT ATTR_ALWAYS_INLINE;
			static inline bool Endpoint_IsReadWriteAllowed(void)
			{
				return ((UEINTX & (1 << RWAL)) ? true : false);
    1304:	80 91 e8 00 	lds	r24, 0x00E8	; 0x8000e8 <__TEXT_REGION_LENGTH__+0x7f80e8>

	if (Endpoint_IsReadWriteAllowed())
    1308:	85 ff       	sbrs	r24, 5
    130a:	7e c0       	rjmp	.+252    	; 0x1408 <HID_Device_USBTask+0x158>
	{
    130c:	8d b6       	in	r8, 0x3d	; 61
    130e:	9e b6       	in	r9, 0x3e	; 62
		uint8_t  ReportINData[HIDInterfaceInfo->Config.PrevReportINBufferSize];
    1310:	40 85       	ldd	r20, Z+8	; 0x08
    1312:	50 e0       	ldi	r21, 0x00	; 0
    1314:	8d b7       	in	r24, 0x3d	; 61
    1316:	9e b7       	in	r25, 0x3e	; 62
    1318:	84 1b       	sub	r24, r20
    131a:	95 0b       	sbc	r25, r21
    131c:	0f b6       	in	r0, 0x3f	; 63
    131e:	f8 94       	cli
    1320:	9e bf       	out	0x3e, r25	; 62
    1322:	0f be       	out	0x3f, r0	; 63
    1324:	8d bf       	out	0x3d, r24	; 61
    1326:	ed b7       	in	r30, 0x3d	; 61
    1328:	fe b7       	in	r31, 0x3e	; 62
    132a:	31 96       	adiw	r30, 0x01	; 1
    132c:	6f 01       	movw	r12, r30
		uint8_t  ReportID     = 0;
    132e:	1b 82       	std	Y+3, r1	; 0x03
		uint16_t ReportINSize = 0;
    1330:	1a 82       	std	Y+2, r1	; 0x02
    1332:	19 82       	std	Y+1, r1	; 0x01

		memset(ReportINData, 0, sizeof(ReportINData));
    1334:	60 e0       	ldi	r22, 0x00	; 0
    1336:	70 e0       	ldi	r23, 0x00	; 0
    1338:	cf 01       	movw	r24, r30
    133a:	0e 94 38 0a 	call	0x1470	; 0x1470 <memset>

		bool ForceSend         = CALLBACK_HID_Device_CreateHIDReport(HIDInterfaceInfo, &ReportID, HID_REPORT_ITEM_In,
    133e:	8e 01       	movw	r16, r28
    1340:	0f 5f       	subi	r16, 0xFF	; 255
    1342:	1f 4f       	sbci	r17, 0xFF	; 255
    1344:	96 01       	movw	r18, r12
    1346:	40 e0       	ldi	r20, 0x00	; 0
    1348:	be 01       	movw	r22, r28
    134a:	6d 5f       	subi	r22, 0xFD	; 253
    134c:	7f 4f       	sbci	r23, 0xFF	; 255
    134e:	c7 01       	movw	r24, r14
    1350:	0e 94 a6 01 	call	0x34c	; 0x34c <CALLBACK_HID_Device_CreateHIDReport>
    1354:	68 2e       	mov	r6, r24
		                                                             ReportINData, &ReportINSize);
		bool StatesChanged     = false;
		bool IdlePeriodElapsed = (HIDInterfaceInfo->State.IdleCount && !(HIDInterfaceInfo->State.IdleMSRemaining));
    1356:	f7 01       	movw	r30, r14
    1358:	84 85       	ldd	r24, Z+12	; 0x0c
    135a:	95 85       	ldd	r25, Z+13	; 0x0d
    135c:	89 2b       	or	r24, r25
    135e:	31 f0       	breq	.+12     	; 0x136c <HID_Device_USBTask+0xbc>
    1360:	86 85       	ldd	r24, Z+14	; 0x0e
    1362:	97 85       	ldd	r25, Z+15	; 0x0f
    1364:	89 2b       	or	r24, r25
    1366:	21 f0       	breq	.+8      	; 0x1370 <HID_Device_USBTask+0xc0>
    1368:	80 e0       	ldi	r24, 0x00	; 0
    136a:	03 c0       	rjmp	.+6      	; 0x1372 <HID_Device_USBTask+0xc2>
    136c:	80 e0       	ldi	r24, 0x00	; 0
    136e:	01 c0       	rjmp	.+2      	; 0x1372 <HID_Device_USBTask+0xc2>
    1370:	81 e0       	ldi	r24, 0x01	; 1
    1372:	81 70       	andi	r24, 0x01	; 1
    1374:	78 2e       	mov	r7, r24

		if (HIDInterfaceInfo->Config.PrevReportINBuffer != NULL)
    1376:	f7 01       	movw	r30, r14
    1378:	06 81       	ldd	r16, Z+6	; 0x06
    137a:	17 81       	ldd	r17, Z+7	; 0x07
    137c:	01 15       	cp	r16, r1
    137e:	11 05       	cpc	r17, r1
    1380:	99 f0       	breq	.+38     	; 0x13a8 <HID_Device_USBTask+0xf8>
		{
			StatesChanged = (memcmp(ReportINData, HIDInterfaceInfo->Config.PrevReportINBuffer, ReportINSize) != 0);
    1382:	49 81       	ldd	r20, Y+1	; 0x01
    1384:	5a 81       	ldd	r21, Y+2	; 0x02
    1386:	b8 01       	movw	r22, r16
    1388:	c6 01       	movw	r24, r12
    138a:	0e 94 22 0a 	call	0x1444	; 0x1444 <memcmp>
    138e:	55 24       	eor	r5, r5
    1390:	53 94       	inc	r5
    1392:	89 2b       	or	r24, r25
    1394:	09 f4       	brne	.+2      	; 0x1398 <HID_Device_USBTask+0xe8>
    1396:	51 2c       	mov	r5, r1
			memcpy(HIDInterfaceInfo->Config.PrevReportINBuffer, ReportINData, HIDInterfaceInfo->Config.PrevReportINBufferSize);
    1398:	f7 01       	movw	r30, r14
    139a:	40 85       	ldd	r20, Z+8	; 0x08
    139c:	50 e0       	ldi	r21, 0x00	; 0
    139e:	b6 01       	movw	r22, r12
    13a0:	c8 01       	movw	r24, r16
    13a2:	0e 94 2f 0a 	call	0x145e	; 0x145e <memcpy>
    13a6:	01 c0       	rjmp	.+2      	; 0x13aa <HID_Device_USBTask+0xfa>

		memset(ReportINData, 0, sizeof(ReportINData));

		bool ForceSend         = CALLBACK_HID_Device_CreateHIDReport(HIDInterfaceInfo, &ReportID, HID_REPORT_ITEM_In,
		                                                             ReportINData, &ReportINSize);
		bool StatesChanged     = false;
    13a8:	51 2c       	mov	r5, r1
		{
			StatesChanged = (memcmp(ReportINData, HIDInterfaceInfo->Config.PrevReportINBuffer, ReportINSize) != 0);
			memcpy(HIDInterfaceInfo->Config.PrevReportINBuffer, ReportINData, HIDInterfaceInfo->Config.PrevReportINBufferSize);
		}

		if (ReportINSize && (ForceSend || StatesChanged || IdlePeriodElapsed))
    13aa:	89 81       	ldd	r24, Y+1	; 0x01
    13ac:	9a 81       	ldd	r25, Y+2	; 0x02
    13ae:	89 2b       	or	r24, r25
    13b0:	f9 f0       	breq	.+62     	; 0x13f0 <HID_Device_USBTask+0x140>
    13b2:	61 10       	cpse	r6, r1
    13b4:	04 c0       	rjmp	.+8      	; 0x13be <HID_Device_USBTask+0x10e>
    13b6:	51 10       	cpse	r5, r1
    13b8:	02 c0       	rjmp	.+4      	; 0x13be <HID_Device_USBTask+0x10e>
    13ba:	77 20       	and	r7, r7
    13bc:	c9 f0       	breq	.+50     	; 0x13f0 <HID_Device_USBTask+0x140>
		{
			HIDInterfaceInfo->State.IdleMSRemaining = HIDInterfaceInfo->State.IdleCount;
    13be:	f7 01       	movw	r30, r14
    13c0:	84 85       	ldd	r24, Z+12	; 0x0c
    13c2:	95 85       	ldd	r25, Z+13	; 0x0d
    13c4:	97 87       	std	Z+15, r25	; 0x0f
    13c6:	86 87       	std	Z+14, r24	; 0x0e

			Endpoint_SelectEndpoint(HIDInterfaceInfo->Config.ReportINEndpoint.Address);
    13c8:	81 81       	ldd	r24, Z+1	; 0x01
			 */
			static inline void Endpoint_SelectEndpoint(const uint8_t Address) ATTR_ALWAYS_INLINE;
			static inline void Endpoint_SelectEndpoint(const uint8_t Address)
			{
				#if !defined(CONTROL_ONLY_DEVICE)
					UENUM = (Address & ENDPOINT_EPNUM_MASK);
    13ca:	8f 70       	andi	r24, 0x0F	; 15
    13cc:	80 93 e9 00 	sts	0x00E9, r24	; 0x8000e9 <__TEXT_REGION_LENGTH__+0x7f80e9>

			if (ReportID)
    13d0:	8b 81       	ldd	r24, Y+3	; 0x03
    13d2:	81 11       	cpse	r24, r1
			 *  \param[in] Data  Data to write into the the currently selected endpoint's FIFO buffer.
			 */
			static inline void Endpoint_Write_8(const uint8_t Data) ATTR_ALWAYS_INLINE;
			static inline void Endpoint_Write_8(const uint8_t Data)
			{
				UEDATX = Data;
    13d4:	80 93 f1 00 	sts	0x00F1, r24	; 0x8000f1 <__TEXT_REGION_LENGTH__+0x7f80f1>
			  Endpoint_Write_8(ReportID);

			Endpoint_Write_Stream_LE(ReportINData, ReportINSize, NULL);
    13d8:	69 81       	ldd	r22, Y+1	; 0x01
    13da:	7a 81       	ldd	r23, Y+2	; 0x02
    13dc:	40 e0       	ldi	r20, 0x00	; 0
    13de:	50 e0       	ldi	r21, 0x00	; 0
    13e0:	c6 01       	movw	r24, r12
    13e2:	0e 94 ac 02 	call	0x558	; 0x558 <Endpoint_Write_Stream_LE>
			 */
			static inline void Endpoint_ClearIN(void) ATTR_ALWAYS_INLINE;
			static inline void Endpoint_ClearIN(void)
			{
				#if !defined(CONTROL_ONLY_DEVICE)
					UEINTX &= ~((1 << TXINI) | (1 << FIFOCON));
    13e6:	e8 ee       	ldi	r30, 0xE8	; 232
    13e8:	f0 e0       	ldi	r31, 0x00	; 0
    13ea:	80 81       	ld	r24, Z
    13ec:	8e 77       	andi	r24, 0x7E	; 126
    13ee:	80 83       	st	Z, r24
    13f0:	80 91 e4 00 	lds	r24, 0x00E4	; 0x8000e4 <__TEXT_REGION_LENGTH__+0x7f80e4>
    13f4:	90 91 e5 00 	lds	r25, 0x00E5	; 0x8000e5 <__TEXT_REGION_LENGTH__+0x7f80e5>

			Endpoint_ClearIN();
		}

		HIDInterfaceInfo->State.PrevFrameNum = USB_Device_GetFrameNumber();
    13f8:	f7 01       	movw	r30, r14
    13fa:	93 87       	std	Z+11, r25	; 0x0b
    13fc:	82 87       	std	Z+10, r24	; 0x0a
    13fe:	0f b6       	in	r0, 0x3f	; 63
    1400:	f8 94       	cli
    1402:	9e be       	out	0x3e, r9	; 62
    1404:	0f be       	out	0x3f, r0	; 63
    1406:	8d be       	out	0x3d, r8	; 61
	}
}
    1408:	0f b6       	in	r0, 0x3f	; 63
    140a:	f8 94       	cli
    140c:	be be       	out	0x3e, r11	; 62
    140e:	0f be       	out	0x3f, r0	; 63
    1410:	ad be       	out	0x3d, r10	; 61
    1412:	0f 90       	pop	r0
    1414:	0f 90       	pop	r0
    1416:	0f 90       	pop	r0
    1418:	df 91       	pop	r29
    141a:	cf 91       	pop	r28
    141c:	1f 91       	pop	r17
    141e:	0f 91       	pop	r16
    1420:	ff 90       	pop	r15
    1422:	ef 90       	pop	r14
    1424:	df 90       	pop	r13
    1426:	cf 90       	pop	r12
    1428:	bf 90       	pop	r11
    142a:	af 90       	pop	r10
    142c:	9f 90       	pop	r9
    142e:	8f 90       	pop	r8
    1430:	7f 90       	pop	r7
    1432:	6f 90       	pop	r6
    1434:	5f 90       	pop	r5
    1436:	08 95       	ret

00001438 <__tablejump2__>:
    1438:	ee 0f       	add	r30, r30
    143a:	ff 1f       	adc	r31, r31
    143c:	05 90       	lpm	r0, Z+
    143e:	f4 91       	lpm	r31, Z
    1440:	e0 2d       	mov	r30, r0
    1442:	09 94       	ijmp

00001444 <memcmp>:
    1444:	fb 01       	movw	r30, r22
    1446:	dc 01       	movw	r26, r24
    1448:	04 c0       	rjmp	.+8      	; 0x1452 <memcmp+0xe>
    144a:	8d 91       	ld	r24, X+
    144c:	01 90       	ld	r0, Z+
    144e:	80 19       	sub	r24, r0
    1450:	21 f4       	brne	.+8      	; 0x145a <memcmp+0x16>
    1452:	41 50       	subi	r20, 0x01	; 1
    1454:	50 40       	sbci	r21, 0x00	; 0
    1456:	c8 f7       	brcc	.-14     	; 0x144a <memcmp+0x6>
    1458:	88 1b       	sub	r24, r24
    145a:	99 0b       	sbc	r25, r25
    145c:	08 95       	ret

0000145e <memcpy>:
    145e:	fb 01       	movw	r30, r22
    1460:	dc 01       	movw	r26, r24
    1462:	02 c0       	rjmp	.+4      	; 0x1468 <memcpy+0xa>
    1464:	01 90       	ld	r0, Z+
    1466:	0d 92       	st	X+, r0
    1468:	41 50       	subi	r20, 0x01	; 1
    146a:	50 40       	sbci	r21, 0x00	; 0
    146c:	d8 f7       	brcc	.-10     	; 0x1464 <memcpy+0x6>
    146e:	08 95       	ret

00001470 <memset>:
    1470:	dc 01       	movw	r26, r24
    1472:	01 c0       	rjmp	.+2      	; 0x1476 <memset+0x6>
    1474:	6d 93       	st	X+, r22
    1476:	41 50       	subi	r20, 0x01	; 1
    1478:	50 40       	sbci	r21, 0x00	; 0
    147a:	e0 f7       	brcc	.-8      	; 0x1474 <memset+0x4>
    147c:	08 95       	ret

0000147e <_exit>:
    147e:	f8 94       	cli

00001480 <__stop_program>:
    1480:	ff cf       	rjmp	.-2      	; 0x1480 <__stop_program>
